Unit,Date,validated,used_for_range,DAC_VOLTAGE_GAIN_0,DAC_VOLTAGE_OFFSET_0,ADC_U_LOAD_GAIN_0,ADC_U_LOAD_OFFSET_0,ADC_U_REGULATOR_GAIN_0,ADC_U_REGULATOR_OFFSET_0,ADC_I_MON_GAIN_0,ADC_I_MON_OFFSET_0,DAC_CURRENT_GAIN_0,DAC_CURRENT_OFFSET_0,DAC_VOLTAGE_GAIN_1,DAC_VOLTAGE_OFFSET_1,ADC_U_LOAD_GAIN_1,ADC_U_LOAD_OFFSET_1,ADC_U_REGULATOR_GAIN_1,ADC_U_REGULATOR_OFFSET_1,ADC_I_MON_GAIN_1,ADC_I_MON_OFFSET_1,DAC_CURRENT_GAIN_1,DAC_CURRENT_OFFSET_1,DAC_VOLTAGE_GAIN_2,DAC_VOLTAGE_OFFSET_2,ADC_U_LOAD_GAIN_2,ADC_U_LOAD_OFFSET_2,ADC_U_REGULATOR_GAIN_2,ADC_U_REGULATOR_OFFSET_2,ADC_I_MON_GAIN_2,ADC_I_MON_OFFSET_2,DAC_CURRENT_GAIN_2,DAC_CURRENT_OFFSET_2,DAC_VOLTAGE_GAIN_3,DAC_VOLTAGE_OFFSET_3,ADC_U_LOAD_GAIN_3,ADC_U_LOAD_OFFSET_3,ADC_U_REGULATOR_GAIN_3,ADC_U_REGULATOR_OFFSET_3,ADC_I_MON_GAIN_3,ADC_I_MON_OFFSET_3,DAC_CURRENT_GAIN_3,DAC_CURRENT_OFFSET_3,DAC_VOLTAGE_GAIN_4,DAC_VOLTAGE_OFFSET_4,ADC_U_LOAD_GAIN_4,ADC_U_LOAD_OFFSET_4,ADC_U_REGULATOR_GAIN_4,ADC_U_REGULATOR_OFFSET_4,ADC_I_MON_GAIN_4,ADC_I_MON_OFFSET_4,DAC_CURRENT_GAIN_4,DAC_CURRENT_OFFSET_4,DAC_VOLTAGE_GAIN_5,DAC_VOLTAGE_OFFSET_5,ADC_U_LOAD_GAIN_5,ADC_U_LOAD_OFFSET_5,ADC_U_REGULATOR_GAIN_5,ADC_U_REGULATOR_OFFSET_5,ADC_I_MON_GAIN_5,ADC_I_MON_OFFSET_5,DAC_CURRENT_GAIN_5,DAC_CURRENT_OFFSET_5,DAC_VOLTAGE_GAIN_6,DAC_VOLTAGE_OFFSET_6,ADC_U_LOAD_GAIN_6,ADC_U_LOAD_OFFSET_6,ADC_U_REGULATOR_GAIN_6,ADC_U_REGULATOR_OFFSET_6,ADC_I_MON_GAIN_6,ADC_I_MON_OFFSET_6,DAC_CURRENT_GAIN_6,DAC_CURRENT_OFFSET_6,DAC_VOLTAGE_GAIN_7,DAC_VOLTAGE_OFFSET_7,ADC_U_LOAD_GAIN_7,ADC_U_LOAD_OFFSET_7,ADC_U_REGULATOR_GAIN_7,ADC_U_REGULATOR_OFFSET_7,ADC_I_MON_GAIN_7,ADC_I_MON_OFFSET_7,DAC_CURRENT_GAIN_7,DAC_CURRENT_OFFSET_7,DAC_VOLTAGE_GAIN_8,DAC_VOLTAGE_OFFSET_8,ADC_U_LOAD_GAIN_8,ADC_U_LOAD_OFFSET_8,ADC_U_REGULATOR_GAIN_8,ADC_U_REGULATOR_OFFSET_8,ADC_I_MON_GAIN_8,ADC_I_MON_OFFSET_8,DAC_CURRENT_GAIN_8,DAC_CURRENT_OFFSET_8,DAC_VOLTAGE_GAIN_9,DAC_VOLTAGE_OFFSET_9,ADC_U_LOAD_GAIN_9,ADC_U_LOAD_OFFSET_9,ADC_U_REGULATOR_GAIN_9,ADC_U_REGULATOR_OFFSET_9,ADC_I_MON_GAIN_9,ADC_I_MON_OFFSET_9,DAC_CURRENT_GAIN_9,DAC_CURRENT_OFFSET_9,DAC_VOLTAGE_GAIN_10,DAC_VOLTAGE_OFFSET_10,ADC_U_LOAD_GAIN_10,ADC_U_LOAD_OFFSET_10,ADC_U_REGULATOR_GAIN_10,ADC_U_REGULATOR_OFFSET_10,ADC_I_MON_GAIN_10,ADC_I_MON_OFFSET_10,DAC_CURRENT_GAIN_10,DAC_CURRENT_OFFSET_10,DAC_VOLTAGE_GAIN_11,DAC_VOLTAGE_OFFSET_11,ADC_U_LOAD_GAIN_11,ADC_U_LOAD_OFFSET_11,ADC_U_REGULATOR_GAIN_11,ADC_U_REGULATOR_OFFSET_11,ADC_I_MON_GAIN_11,ADC_I_MON_OFFSET_11,DAC_CURRENT_GAIN_11,DAC_CURRENT_OFFSET_11,DAC_VOLTAGE_GAIN_12,DAC_VOLTAGE_OFFSET_12,ADC_U_LOAD_GAIN_12,ADC_U_LOAD_OFFSET_12,ADC_U_REGULATOR_GAIN_12,ADC_U_REGULATOR_OFFSET_12,ADC_I_MON_GAIN_12,ADC_I_MON_OFFSET_12,DAC_CURRENT_GAIN_12,DAC_CURRENT_OFFSET_12,DAC_VOLTAGE_GAIN_13,DAC_VOLTAGE_OFFSET_13,ADC_U_LOAD_GAIN_13,ADC_U_LOAD_OFFSET_13,ADC_U_REGULATOR_GAIN_13,ADC_U_REGULATOR_OFFSET_13,ADC_I_MON_GAIN_13,ADC_I_MON_OFFSET_13,DAC_CURRENT_GAIN_13,DAC_CURRENT_OFFSET_13,DAC_VOLTAGE_GAIN_14,DAC_VOLTAGE_OFFSET_14,ADC_U_LOAD_GAIN_14,ADC_U_LOAD_OFFSET_14,ADC_U_REGULATOR_GAIN_14,ADC_U_REGULATOR_OFFSET_14,ADC_I_MON_GAIN_14,ADC_I_MON_OFFSET_14,DAC_CURRENT_GAIN_14,DAC_CURRENT_OFFSET_14,DAC_VOLTAGE_GAIN_15,DAC_VOLTAGE_OFFSET_15,ADC_U_LOAD_GAIN_15,ADC_U_LOAD_OFFSET_15,ADC_U_REGULATOR_GAIN_15,ADC_U_REGULATOR_OFFSET_15,ADC_I_MON_GAIN_15,ADC_I_MON_OFFSET_15,DAC_CURRENT_GAIN_15,DAC_CURRENT_OFFSET_15,DAC_VOLTAGE_GAIN_16,DAC_VOLTAGE_OFFSET_16,ADC_U_LOAD_GAIN_16,ADC_U_LOAD_OFFSET_16,ADC_U_REGULATOR_GAIN_16,ADC_U_REGULATOR_OFFSET_16,ADC_I_MON_GAIN_16,ADC_I_MON_OFFSET_16,DAC_CURRENT_GAIN_16,DAC_CURRENT_OFFSET_16,DAC_VOLTAGE_GAIN_17,DAC_VOLTAGE_OFFSET_17,ADC_U_LOAD_GAIN_17,ADC_U_LOAD_OFFSET_17,ADC_U_REGULATOR_GAIN_17,ADC_U_REGULATOR_OFFSET_17,ADC_I_MON_GAIN_17,ADC_I_MON_OFFSET_17,DAC_CURRENT_GAIN_17,DAC_CURRENT_OFFSET_17,DAC_VOLTAGE_GAIN_18,DAC_VOLTAGE_OFFSET_18,ADC_U_LOAD_GAIN_18,ADC_U_LOAD_OFFSET_18,ADC_U_REGULATOR_GAIN_18,ADC_U_REGULATOR_OFFSET_18,ADC_I_MON_GAIN_18,ADC_I_MON_OFFSET_18,DAC_CURRENT_GAIN_18,DAC_CURRENT_OFFSET_18,DAC_VOLTAGE_GAIN_19,DAC_VOLTAGE_OFFSET_19,ADC_U_LOAD_GAIN_19,ADC_U_LOAD_OFFSET_19,ADC_U_REGULATOR_GAIN_19,ADC_U_REGULATOR_OFFSET_19,ADC_I_MON_GAIN_19,ADC_I_MON_OFFSET_19,DAC_CURRENT_GAIN_19,DAC_CURRENT_OFFSET_19,DAC_VOLTAGE_GAIN_20,DAC_VOLTAGE_OFFSET_20,ADC_U_LOAD_GAIN_20,ADC_U_LOAD_OFFSET_20,ADC_U_REGULATOR_GAIN_20,ADC_U_REGULATOR_OFFSET_20,ADC_I_MON_GAIN_20,ADC_I_MON_OFFSET_20,DAC_CURRENT_GAIN_20,DAC_CURRENT_OFFSET_20,DAC_VOLTAGE_GAIN_21,DAC_VOLTAGE_OFFSET_21,ADC_U_LOAD_GAIN_21,ADC_U_LOAD_OFFSET_21,ADC_U_REGULATOR_GAIN_21,ADC_U_REGULATOR_OFFSET_21,ADC_I_MON_GAIN_21,ADC_I_MON_OFFSET_21,DAC_CURRENT_GAIN_21,DAC_CURRENT_OFFSET_21,DAC_VOLTAGE_GAIN_22,DAC_VOLTAGE_OFFSET_22,ADC_U_LOAD_GAIN_22,ADC_U_LOAD_OFFSET_22,ADC_U_REGULATOR_GAIN_22,ADC_U_REGULATOR_OFFSET_22,ADC_I_MON_GAIN_22,ADC_I_MON_OFFSET_22,DAC_CURRENT_GAIN_22,DAC_CURRENT_OFFSET_22,DAC_VOLTAGE_GAIN_23,DAC_VOLTAGE_OFFSET_23,ADC_U_LOAD_GAIN_23,ADC_U_LOAD_OFFSET_23,ADC_U_REGULATOR_GAIN_23,ADC_U_REGULATOR_OFFSET_23,ADC_I_MON_GAIN_23,ADC_I_MON_OFFSET_23,DAC_CURRENT_GAIN_23,DAC_CURRENT_OFFSET_23
34,2023-04-26,no,yes,10011,216,4643,-945,10002,-1031,-9996,-253,-10068,-498,10012,186,4644,-972,10002,-992,-150148,3413,-666,65,10010,202,4643,-966,9997,-955,-9928,-361,-10158,-125,10012,213,4645,-977,10001,-1035,-9922,-862,-10120,-1246,10015,241,4643,-630,9996,-642,-10000,-196,-10030,323,20026,317,4646,-644,4577,-710,-150462,8792,-668,136,10015,169,4648,-631,9999,-588,-10003,129,-10019,543,10016,239,4630,-661,10002,-665,-10007,-1025,9861,499,-41586,641343,2757,-497,1889,-446,-296852,226,659,-38,-41591,641633,2757,-571,1888,-547,-296924,-21,662,-41,-41594,641732,2757,-484,1889,-523,-296894,-181,657,-35,-41597,641635,2756,-481,1889,-526,-297276,-822,658,-30,21973,575,2605,-830,2590,-826,-296498,-1368,-668,26,-233086,-5094,431,393,429,-135,-1195,250,96771,113666,-21470,-496,2604,-782,2590,-795,-295993,-419,665,-27,43865,957,1818,-930,1808,-941,-295807,-1242,-673,-24,-41584,641050,2762,-163,3053,-171,-295749,-673,666,38,-41574,640873,2761,-191,3053,-186,-295556,-569,665,-52,-41576,641149,2762,-156,3053,-220,-295723,650,663,1,-41565,641002,2762,-139,3053,-286,-295315,1749,661,12,55681,1120,1479,-695,1479,-753,-294666,-1128,-679,32,-43041,-863,2554,-574,2554,-653,-294612,-541,660,-65,-43048,-918,2555,-503,2555,-653,-294204,89,662,10,55699,883,1479,-680,1479,-704,-294389,-701,-674,-58
35,2023-05-01,yes,yes,10014,171,4646,-607,9996,-658,-9975,138,-10102,-892,10014,155,4647,-620,10002,-675,-150111,3831,-674,68,10015,161,4645,-597,9999,-659,-9968,-724,-10122,600,10015,198,4643,-614,10004,-666,-10011,-408,-10060,-956,10014,188,4640,-985,9986,-961,-9926,-522,-10115,1153,20020,294,4640,-958,4574,-1070,-149985,8388,-671,41,10013,188,4642,-1009,9993,-1021,-9981,-241,-9990,-78,10015,216,4633,-1125,9993,-1101,-9965,-191,9940,327,-41599,641621,2756,-284,1888,-322,-296817,-387,658,24,-41607,641509,2757,-318,1888,-311,-295971,715,659,32,-41595,641600,2757,-322,1889,-308,-296559,408,661,64,-41605,641500,2757,-316,1889,-313,-296868,1475,658,-39,21966,317,2607,-902,2591,-889,-296183,-620,-673,19,-232911,-5585,431,-52,432,-288,-1193,642,97415,109990,-21468,-417,2605,-799,2591,-833,-296083,696,669,-20,43852,679,1818,-1028,1807,-952,-296127,-2708,-672,64,-41567,640999,2756,-533,3047,-600,-295093,300,665,3,-41577,641028,2756,-557,3047,-583,-294504,277,664,-51,-41572,640649,2757,-516,3048,-545,-295324,-679,662,-16,-41574,640904,2756,-549,3047,-629,-294731,58,660,23,55738,963,1483,-487,1483,-552,-295654,535,-673,-24,-43060,-767,2561,-391,2559,-485,-295453,-134,658,-10,-43064,-787,2561,-347,2559,-519,-295653,-744,661,42,55715,926,1483,-484,1483,-605,-295494,-424,-673,-20
37,2023-04-25,yes,yes,10017,133,4644,-727,10000,-669,-10034,-122,-9987,-225,10018,102,4645,-726,10003,-744,-150358,3564,-670,127,10016,150,4645,-712,10000,-680,-10021,-205,-10027,474,10022,182,4651,-756,10011,-780,-9963,-765,-10090,-682,10016,152,4640,-452,9995,-442,-9988,-26,-10063,282,20025,393,4644,-476,4575,-577,-150069,9168,-668,116,10013,149,4643,-466,9994,-518,-10016,72,-10045,-232,10015,221,4669,-1001,9998,-538,-10012,-366,9895,277,-41572,641005,2758,-899,1889,-915,-296563,-496,658,3,-41571,641212,2757,-896,1889,-850,-296203,-1087,661,23,-41580,641059,2757,-866,1889,-875,-296526,69,659,33,-41578,641178,2758,-863,1888,-889,-295779,-317,662,52,21979,431,2609,-786,2593,-865,-296868,895,-673,-6,-233101,-4828,432,-1117,431,-76,-1197,4470,96854,120730,-21479,-424,2608,-698,2593,-727,-296486,281,667,28,43857,794,1820,-801,1809,-792,-296398,-141,-669,-38,-41554,640466,2758,-326,3048,-353,-295012,-512,663,-21,-41563,640987,2758,-323,3049,-352,-295108,45,658,-41,-41559,640530,2759,-326,3048,-346,-295105,1013,660,5,-41562,640702,2758,-317,3049,-334,-294978,-898,659,-31,55688,844,1481,-559,1481,-668,-294788,-41,-677,-11,-43053,-908,2558,-424,2557,-536,-295304,37,658,63,-43041,-779,2556,-511,2556,-559,-295191,361,657,-28,55674,1040,1481,-553,1481,-695,-295183,2161,-668,8
38,2023-04-27,no,yes,10016,109,4636,-863,10000,-1017,-10006,121,-10101,586,10015,96,4645,-975,9999,-954,-150030,3692,-670,41,10017,208,4646,-939,10001,-1033,-10035,-478,-10036,-29,10018,100,4652,-1013,9995,-958,-9975,-229,-10082,-562,10016,161,4645,-774,9978,-805,-9959,8,-10010,438,20031,291,4638,-739,4569,-767,-150016,8388,-666,108,10014,209,4637,-756,9986,-816,-9992,-519,-10082,149,10015,230,4635,-987,9987,-798,-9929,-549,9968,80,-41599,641602,2758,-550,1888,-615,-296419,154,660,-9,-41608,641445,2756,-586,1888,-604,-296169,-582,660,-26,-41608,641600,2756,-582,1887,-649,-296735,284,656,68,-41605,641421,2756,-575,1888,-570,-296014,-488,655,-27,21958,393,2610,-722,2595,-715,-296772,-470,-673,44,-232989,-4121,434,1112,432,-69,-1196,3832,96449,114756,-21472,-357,2608,-520,2594,-567,-296014,-662,666,-37,43850,623,1821,-677,1810,-674,-297625,415,-669,12,-41578,640979,2747,-628,3037,-729,-293920,-72,662,40,-41603,641129,2747,-728,3037,-779,-293580,0,660,-16,-41587,641197,2748,-696,3037,-789,-293995,-1061,664,2,-41571,640790,2747,-723,3037,-712,-293813,-336,663,-17,55653,992,1480,-736,1481,-707,-294710,-14,-678,93,-43015,-997,2556,-686,2556,-580,-294888,-1572,665,0,-43015,-961,2556,-618,2556,-640,-295060,-68,661,39,55665,1037,1481,-716,1481,-745,-294976,165,-674,-111
39,2023-04-27,no,yes,10017,211,4644,-523,9989,-612,-9949,-99,-10143,93,10014,135,4639,-558,9994,-596,-150067,3680,-668,20,10014,145,4640,-496,9989,-533,-10011,17,-10048,816,10015,174,4642,-542,9992,-503,-9935,-384,-10137,299,10012,192,4640,-808,9987,-822,-9989,-339,-10047,-171,20022,415,4641,-759,4573,-884,-150144,8237,-669,63,10012,117,4642,-859,9989,-788,-9944,131,-9998,-246,10013,178,4644,-1129,9984,-768,-10000,-707,9894,458,-41593,641374,2758,-530,1889,-477,-296909,104,659,51,-41599,641508,2758,-476,1889,-473,-296866,83,657,-25,-41602,641544,2758,-498,1890,-537,-296696,107,656,-50,-41599,641521,2758,-608,1889,-556,-297019,439,662,-19,21966,3381,2608,-430,2593,-1098,-296124,-977,-674,22,-232986,-3752,434,1763,431,268,-1196,5851,98014,56587,-21471,-413,2607,-250,2592,-246,-296765,-953,667,33,43840,812,1820,-473,1809,-319,-296427,-934,-670,4,-41566,640847,2753,-578,3043,-611,-294706,70,661,-33,-41574,640871,2753,-592,3044,-610,-294327,26,662,35,-41572,640941,2753,-641,3043,-634,-294612,-1899,664,58,-41580,641078,2754,-594,3043,-595,-294356,-1668,666,-5,55716,922,1480,-800,1480,-844,-294419,-1046,-677,41,-43034,-965,2557,-672,2555,-831,-294560,-716,660,-7,-43052,-990,2556,-713,2555,-739,-295107,-178,659,-69,55713,782,1480,-820,1480,-900,-294974,781,-669,-2
41,2023-07-26,yes,yes,10013,227,4641,-1078,9980,-956,-10005,-527,-10041,-446,10014,202,4638,-956,9984,-1011,-149769,3192,-672,72,10015,119,4639,-951,9989,-1079,-9905,-846,-10173,545,10015,216,4638,-960,9980,-980,-9893,-468,-10216,483,10016,212,4648,-917,9996,-954,-10020,-467,-10073,760,20033,293,4643,-913,4578,-1046,-150574,8008,-665,150,10015,235,4642,-911,9996,-944,-10023,-451,-10006,125,10015,204,4661,-1398,9995,-978,-9922,-756,9949,458,-41592,641386,2756,-641,1888,-628,-295720,64,658,-43,-41605,641409,2756,-603,1888,-561,-295951,-155,660,-59,-41596,641780,2756,-649,1889,-610,-296030,317,653,-6,-41589,641590,2756,-648,1888,-594,-296592,967,659,46,21976,488,2607,-652,2593,-692,-296717,-1203,-676,59,-233137,-5316,434,1311,430,-90,-1198,4688,96385,129318,-21466,-375,2608,-566,2593,-668,-297021,-168,666,-1,43856,719,1819,-734,1810,-793,-297494,206,-669,29,-41582,640912,2758,-301,3049,-410,-294967,1081,661,6,-41587,641240,2759,-280,3048,-382,-294879,-35,658,2,-41567,641013,2759,-280,3049,-336,-294739,-29,664,3,-41582,641091,2758,-390,3049,-369,-295149,-211,662,22,55692,1078,1482,-634,1482,-635,-295002,2112,-671,15,-43041,-932,2560,-543,2559,-505,-294924,-1176,665,14,-43060,-1002,2559,-571,2558,-475,-295209,1328,666,-34,55690,966,1483,-689,1482,-670,-295243,548,-670,65
45,2023-04-27,yes,yes,10014,215,4638,-792,9991,-781,-9979,-409,-10054,417,10013,95,4640,-782,9991,-861,-149952,2889,-662,75,10015,203,4647,-868,9990,-863,-10028,-531,-9926,-429,10015,137,4645,-850,9990,-836,-9956,-426,-10172,990,10014,184,4641,-810,9991,-919,-10041,-528,-10048,-851,20030,381,4643,-850,4576,-878,-150056,8180,-670,37,10014,127,4646,-841,9997,-908,-10010,-513,-10038,-702,10015,234,4640,-1189,9996,-918,-9976,-274,9917,596,-41606,641729,2760,-539,1891,-475,-297026,-2147,657,-43,-41600,641599,2760,-511,1891,-513,-296616,-457,655,8,-41601,641883,2760,-481,1891,-521,-296948,909,657,0,-41595,641613,2760,-456,1891,-455,-296881,-734,657,-40,21965,469,2607,-648,2591,-627,-296197,-1302,-669,-8,-233007,-5311,430,683,430,28,-1197,2587,98491,49045,-21469,-326,2606,-550,2592,-479,-296174,-442,665,-35,43853,698,1818,-632,1808,-724,-295898,-2846,-670,0,-41558,640794,2756,-546,3047,-576,-294712,-526,661,-11,-41577,640740,2757,-521,3046,-563,-294899,-694,662,13,-41577,640801,2756,-544,3047,-558,-294944,218,663,-20,-41572,640993,2756,-515,3047,-645,-294843,-311,660,-9,55693,991,1481,-600,1481,-725,-295125,435,-670,42,-43038,-898,2558,-459,2558,-588,-294654,261,667,3,-43041,-948,2559,-500,2557,-607,-295279,-1120,658,-41,55682,1261,1482,-752,1482,-781,-294546,-1280,-676,4
50,2023-05-01,yes,yes,10010,134,4642,-605,9982,-551,-9986,60,-10019,-284,10011,212,4639,-627,9990,-644,-149920,3675,-667,132,10012,100,4637,-555,9981,-572,-9999,-156,-10046,-289,10013,235,4639,-587,9986,-588,-9967,102,-10046,-410,10015,226,4642,-724,9998,-834,-9932,-663,-10096,-271,20027,376,4642,-717,4574,-791,-150044,8558,-674,71,10014,196,4641,-699,9989,-713,-9992,-223,-10033,-307,10012,170,4655,-1066,9994,-772,-9902,-805,9900,1277,-41588,641521,2758,-185,1889,-185,-296934,8,652,2,-41590,641316,2757,-205,1889,-202,-297052,-1276,665,7,-41592,641679,2757,-161,1889,-249,-296338,-204,661,-9,-41593,641223,2758,-204,1889,-225,-296456,-464,660,46,21968,398,2606,-709,2591,-755,-296629,-1799,-670,-16,-232867,-4403,433,318,436,-124,-1196,2220,96386,128275,-21479,-334,2605,-720,2590,-681,-296334,171,665,18,43851,728,1818,-801,1809,-841,-296583,-1611,-670,-86,-41604,641052,2759,-132,3049,-121,-295079,-84,664,-12,-41603,641203,2758,-107,3049,-107,-295096,1519,658,7,-41584,640895,2758,-94,3049,-135,-295152,559,664,-55,-41586,641184,2758,-68,3049,-81,-295593,-229,662,16,55702,922,1480,-692,1481,-748,-294882,791,-676,-34,-43044,-622,2557,-401,2555,-597,-295081,764,663,-7,-43069,-735,2557,-600,2556,-566,-294562,-267,669,-88,55710,1051,1481,-686,1480,-772,-294861,900,-674,35
52,2023-04-24,yes,yes,10015,211,4649,-545,10001,-574,-9981,-117,-10031,-588,10014,159,4652,-588,10005,-605,-150147,3790,-671,143,10015,230,4650,-557,10001,-514,-9989,73,-9965,-196,10016,229,4646,-507,9999,-483,-9941,-285,-10148,478,10015,183,4646,-761,9995,-785,-9948,-621,-10151,173,20026,355,4645,-819,4575,-810,-150339,8891,-669,-17,10013,222,4646,-813,9992,-800,-9994,-662,-9970,-582,10012,160,4646,-1113,9991,-728,-9967,-564,9830,693,-41595,641649,2756,-536,1889,-445,-296399,395,660,-46,-41591,641577,2755,-526,1889,-489,-296723,1059,661,-15,-41595,641482,2757,-392,1888,-453,-296621,-1209,662,-40,-41585,641351,2757,-406,1889,-416,-296887,-943,660,-77,21962,473,2605,-704,2591,-689,-296468,-29,-672,-5,-232462,-4937,430,378,432,-162,-1195,4976,96000,119788,-21474,-479,2605,-530,2588,-616,-296271,327,667,-33,43858,721,1817,-580,1807,-576,-296174,-1458,-665,-26,-41591,640953,2757,-691,3047,-737,-294853,-630,666,-4,-41581,640915,2756,-660,3048,-768,-294318,-271,668,22,-41569,640770,2757,-701,3048,-669,-294949,-1122,665,-50,-41582,640870,2757,-716,3047,-721,-295075,2249,659,-12,55698,980,1481,-833,1481,-918,-295342,-189,-671,-6,-43041,-787,2557,-721,2556,-852,-295199,-1249,661,27,-43050,-936,2557,-760,2556,-814,-295353,-1492,661,-28,55705,810,1482,-903,1482,-931,-295650,2218,-674,6
53,2023-04-21,yes,yes,10015,144,4642,-873,9987,-887,-10013,-49,-10047,-650,10015,209,4637,-866,9989,-912,-149972,3934,-669,111,10016,137,4642,-916,9989,-973,-10013,-365,-9992,-432,10014,179,4641,-849,9988,-926,-9975,-476,-10068,293,10018,144,4641,-822,9988,-885,-9999,-523,-10039,-119,20035,274,4644,-884,4576,-855,-149742,8943,-668,86,10015,172,4645,-883,9999,-946,-9948,-300,-10032,1342,10018,148,4637,-1021,10002,-958,-9925,-598,9994,176,-41593,641435,2759,-179,1890,-297,-297028,11,658,-1,-41589,641331,2759,-248,1891,-214,-297629,-62,650,-39,-41597,641359,2758,-241,1890,-267,-297049,-59,651,24,-41593,641514,2759,-259,1890,-269,-297065,-1224,660,-39,21973,554,2605,-506,2593,-598,-296664,412,-674,57,-233022,-5101,431,303,431,389,-1198,4915,96583,119954,-21475,-471,2605,-502,2591,-393,-296753,766,670,9,43865,703,1819,-593,1808,-591,-296680,1633,-666,-12,-41590,641220,2754,-870,3045,-869,-294967,-743,662,-6,-41579,640764,2754,-806,3045,-854,-294823,689,661,-1,-41589,641222,2755,-804,3045,-819,-294777,-968,663,-47,-41575,640905,2753,-832,3045,-858,-295381,-2341,660,26,55712,1056,1485,-626,1485,-592,-296102,-96,-674,-34,-43043,-799,2565,-425,2563,-498,-295758,296,659,35,-43057,-849,2564,-443,2562,-538,-295954,-744,666,22,55701,1007,1485,-655,1485,-620,-296249,2180,-668,13
60,2023-04-27,yes,yes,10017,112,4644,-908,9999,-999,-9992,-771,-9968,-615,10017,137,4644,-912,9995,-997,-150028,3241,-671,119,10017,174,4640,-825,9994,-851,-9993,-538,-10042,232,10016,214,4647,-964,9995,-920,-10014,-577,-10053,-244,10016,208,4646,-582,9998,-560,-9949,-42,-10135,123,20029,387,4647,-631,4577,-646,-150037,9483,-673,116,10014,168,4647,-559,10000,-637,-10022,-72,-9998,650,10015,180,4655,-815,10000,-603,-9978,-191,9944,1122,-41592,641180,2755,-347,1887,-380,-296141,-660,658,42,-41597,641687,2755,-320,1887,-365,-296658,-373,666,-70,-41599,641728,2755,-350,1887,-306,-296345,-227,661,-20,-41598,641280,2755,-341,1888,-341,-296202,1516,660,2,21976,538,2607,-547,2591,-489,-297436,-105,-667,6,-232995,-4281,432,913,433,256,-1197,4243,95546,123762,-21460,-339,2606,-512,2593,-450,-296782,216,669,4,43863,891,1819,-571,1808,-508,-296702,427,-671,46,-41562,640645,2755,-779,3047,-808,-294779,-824,656,105,-41571,640687,2756,-727,3047,-812,-295204,-1213,660,-10,-41575,641054,2756,-762,3047,-798,-295050,-804,661,33,-41577,640962,2756,-778,3047,-794,-294870,-1509,659,-39,55659,1159,1482,-485,1482,-571,-295513,-646,-674,9,-43033,-716,2560,-376,2560,-407,-295182,-2394,663,38,-43064,-754,2557,-368,2559,-471,-294584,-510,666,11,55684,856,1482,-504,1483,-627,-295500,1852,-671,20
61,2023-04-24,yes,yes,10014,175,4641,-707,9985,-713,-9943,-185,-10039,-475,10012,200,4638,-660,9981,-683,-149766,3648,-669,52,10011,113,4643,-664,9986,-725,-9924,-738,-10080,-1701,10014,163,4640,-636,9981,-669,-9909,-311,-10110,-413,10013,135,4645,-820,9986,-819,-10001,-332,-9943,-1212,20022,310,4643,-809,4576,-869,-149464,8019,-671,167,10013,139,4640,-793,10000,-886,-10031,-475,-10017,-313,10014,175,4657,-1335,9996,-883,-10003,-610,9817,717,-41609,641857,2756,-330,1888,-397,-296866,1095,655,22,-41607,641512,2757,-355,1888,-316,-296088,1247,664,-10,-41601,641452,2756,-355,1888,-315,-296357,-332,663,-53,-41603,641498,2756,-353,1888,-325,-296608,754,656,-19,21974,519,2609,-1098,2595,-1166,-296701,-1203,-673,-33,-233062,-5883,433,-775,433,-464,-1195,3741,96257,161173,-21478,-355,2607,-1014,2593,-1035,-296607,-1194,666,29,43853,743,1820,-1157,1809,-1201,-297222,-1170,-673,-41,-41566,640850,2755,-355,3046,-366,-294521,-491,666,42,-41556,640568,2756,-313,3046,-463,-294972,-1560,657,-18,-41563,640725,2755,-417,3046,-452,-294719,-543,662,6,-41569,640827,2755,-404,3046,-438,-295180,1151,657,-19,55673,717,1483,-868,1483,-1017,-296076,2099,-677,33,-43033,-908,2562,-790,2560,-868,-295382,-1112,665,9,-43046,-858,2562,-803,2561,-827,-295882,379,658,14,55705,825,1483,-938,1484,-1067,-295592,-215,-672,64
64,2023-04-28,yes,yes,10012,217,4646,-946,10001,-984,-9913,-229,-10167,345,10014,167,4646,-897,9999,-857,-150061,3512,-671,58,10012,258,4641,-885,9997,-870,-10002,-18,-10061,-375,10016,215,4647,-841,9998,-846,-10012,-827,-9991,-465,10019,187,4645,-813,10004,-850,-9964,-20,-10104,-297,20035,344,4648,-778,4579,-891,-150406,9061,-668,-20,10021,278,4648,-816,10000,-793,-9954,-377,-10113,456,10019,240,4648,-1092,10003,-858,-9931,-520,10028,-753,-41581,641152,2757,-561,1888,-579,-296486,-544,652,59,-41605,641748,2757,-538,1888,-549,-296400,-1350,657,-9,-41590,641687,2757,-542,1888,-591,-295765,226,657,-47,-41582,641321,2756,-573,1888,-524,-296777,684,664,2,21977,340,2605,-772,2590,-683,-296521,742,-671,2,-233185,-5299,432,48,432,-130,-1196,5961,96839,125904,-21480,-518,2606,-573,2591,-543,-296390,108,661,-15,43861,780,1818,-697,1807,-684,-297698,193,-670,48,-41561,640658,2756,-728,3047,-699,-294713,-328,663,12,-41555,640592,2757,-730,3047,-772,-295064,719,659,17,-41557,640627,2756,-736,3047,-745,-294971,-695,661,49,-41553,640573,2756,-720,3047,-806,-294910,-1834,665,43,55711,990,1483,-676,1482,-755,-294846,521,-675,38,-43062,-825,2561,-518,2560,-636,-295173,-1166,663,-3,-43057,-979,2560,-605,2560,-588,-295217,-1710,664,27,55710,811,1483,-659,1482,-664,-295469,725,-670,-9
69,2023-07-17,yes,yes,10015,237,4641,-810,9992,-893,-9998,-668,-10052,-153,10016,243,4647,-903,9988,-806,-150038,3711,-666,69,10016,208,4638,-836,9990,-893,-9921,-487,-10139,-617,10017,107,4640,-843,9988,-816,-9942,-440,-10081,-195,10015,143,4643,-777,9995,-904,-9937,-117,-10169,-358,20025,258,4641,-761,4575,-896,-150313,9446,-671,24,10016,149,4645,-827,9993,-882,-10037,-657,-9952,596,10015,178,4632,-942,9984,-772,-9921,-598,10008,-261,-41586,641229,2757,-626,1888,-637,-296611,117,659,-45,-41590,641388,2757,-590,1889,-584,-296362,-527,661,1,-41585,641337,2756,-707,1889,-657,-296379,-265,665,-1,-41582,641199,2757,-585,1888,-595,-296343,-396,655,-8,21963,367,2608,-456,2594,-550,-297552,-639,-666,35,-233094,-5431,433,1100,433,316,-1204,4184,96788,125973,-21482,-586,2606,-308,2591,-221,-296154,-213,669,-28,43858,626,1820,-450,1809,-416,-296725,-227,-674,26,-41579,640907,2755,-573,3046,-617,-294701,-992,663,21,-41591,641099,2754,-581,3046,-591,-294692,701,661,27,-41587,641409,2755,-492,3046,-618,-294589,-110,658,-41,-41591,641077,2755,-542,3047,-609,-295033,-856,661,-29,55720,730,1480,-494,1480,-705,-295136,244,-678,-26,-43059,-1119,2555,-348,2554,-493,-294634,-687,666,-60,-43059,-1038,2555,-314,2554,-416,-294366,-849,659,-1,55718,556,1480,-500,1480,-605,-295082,414,-670,-18
71,2023-04-26,no,yes,10011,147,4648,-777,9998,-809,-10009,-519,-9994,-997,10012,204,4642,-848,9993,-780,-150086,4149,-671,88,10012,173,4646,-847,10000,-904,-10032,-467,-10028,-696,10012,202,4644,-817,9995,-803,-10013,-886,-10091,383,10014,165,4639,-961,9991,-911,-9943,-675,-10095,-1218,20031,350,4643,-935,4574,-902,-149973,8862,-672,101,10013,224,4642,-974,9993,-952,-9936,-587,-10117,698,10014,286,4634,-1074,9991,-962,-9971,-712,9896,487,-41594,641485,2755,-756,1888,-847,-296376,-618,654,40,-41586,641440,2756,-816,1888,-864,-296045,-858,658,33,-41593,641521,2756,-788,1888,-836,-296605,441,656,46,-41598,641463,2756,-805,1888,-857,-295956,-1924,657,62,21970,197,2607,-680,2592,-768,-295957,-1010,-670,-25,-233025,-4045,434,1111,430,-14,-1196,3028,95981,126172,-21468,-365,2605,-615,2590,-600,-297616,795,665,12,43850,842,1818,-631,1809,-761,-296094,-828,-673,-6,-41587,641210,2745,-567,3035,-680,-293702,327,665,12,-41579,640967,2745,-628,3035,-706,-293533,1172,664,-28,-41583,641300,2746,-582,3035,-667,-293975,-695,665,-6,-41583,641092,2744,-680,3035,-638,-293739,-1015,660,-26,55686,968,1480,-625,1480,-655,-294619,21,-667,23,-43034,-820,2556,-541,2555,-603,-294751,-1273,664,7,-43034,-713,2556,-493,2553,-618,-294871,-901,659,12,55694,1071,1480,-691,1479,-626,-294786,2804,-674,11
73,2023-04-26,yes,yes,10016,214,4645,-1013,9997,-1023,-9942,-641,-10183,-380,10016,204,4645,-1000,10001,-1044,-150079,3071,-672,114,10016,140,4643,-994,9999,-1046,-9924,-325,-10136,375,10017,238,4646,-1010,9996,-1036,-9936,-781,-10080,-790,10018,218,4638,-962,9996,-1026,-9927,-772,-10170,420,20027,306,4645,-959,4577,-1052,-149992,9187,-670,129,10015,100,4643,-970,10003,-1041,-10009,-495,-10065,-165,10014,211,4654,-1410,9991,-997,-9966,-540,9959,1345,-41585,641156,2754,-649,1887,-718,-295527,-431,660,-53,-41604,641614,2754,-697,1887,-607,-295915,-184,663,19,-41589,641301,2755,-730,1887,-676,-297303,40,656,21,-41591,641462,2755,-709,1887,-656,-295511,-1955,660,-11,21981,538,2607,-672,2592,-610,-296407,-1321,-675,40,-233109,-5013,432,112,433,36,-1196,5687,96288,138867,-21454,-447,2605,-655,2592,-621,-297174,-787,664,41,43864,824,1818,-662,1808,-623,-296907,-1767,-669,-15,-41571,641005,2757,-737,3048,-713,-294778,-2139,665,-20,-41577,640854,2757,-715,3047,-767,-295048,-1488,668,-49,-41564,640892,2755,-749,3047,-741,-294918,515,664,15,-41568,640636,2757,-749,3048,-758,-294680,-2111,661,-5,55703,1165,1480,-547,1480,-645,-294639,1560,-673,-18,-43048,-851,2556,-420,2555,-509,-294885,-880,664,16,-43037,-671,2556,-395,2558,-375,-294717,-997,666,28,55720,1265,1480,-534,1480,-680,-294466,704,-678,41
75,2023-04-27,yes,yes,10014,112,4636,-725,9987,-840,-9893,-249,-10127,-73,10013,130,4637,-686,9984,-824,-150020,3600,-672,88,10013,123,4641,-773,9981,-627,-10011,-268,-10030,-356,10016,178,4641,-765,9978,-677,-9960,-430,-10039,168,10017,227,4644,-696,10000,-711,-9944,-99,-10121,-557,20032,343,4646,-708,4578,-776,-150517,9907,-671,170,10017,236,4645,-663,10003,-720,-9928,-67,-10137,65,10016,183,4643,-1063,10002,-722,-10019,-566,9946,234,-41596,641572,2758,-427,1889,-448,-297834,-602,655,35,-41598,641676,2759,-382,1890,-318,-296372,-373,663,-3,-41608,641719,2759,-405,1890,-393,-296337,-216,664,-95,-41601,641631,2758,-458,1890,-347,-296799,967,660,-23,21956,490,2607,-843,2593,-786,-296270,-908,-670,-57,-232930,-4441,434,556,431,-99,-1197,2275,95706,143268,-21470,-466,2608,-664,2593,-628,-296500,319,666,-6,43859,836,1820,-836,1809,-827,-295864,-1042,-669,-22,-41569,640744,2758,-739,3048,-722,-294509,-1343,661,0,-41574,641238,2758,-786,3048,-747,-295215,1028,664,49,-41576,640923,2757,-760,3048,-752,-295206,-886,664,3,-41582,641004,2757,-759,3047,-714,-295378,-839,661,22,55732,995,1480,-714,1480,-719,-295257,358,-666,2,-43056,-1019,2556,-626,2555,-758,-295139,-939,663,16,-43071,-955,2556,-497,2555,-715,-294105,-1083,657,51,55710,1109,1480,-679,1480,-745,-293984,759,-676,-90
76,2023-04-25,no,yes,10017,198,4643,-763,10000,-759,-9997,-344,-10078,96,10017,251,4639,-765,9999,-746,-150146,4025,-668,86,10019,160,4645,-760,10003,-724,-9983,-579,-10067,-815,10020,252,4648,-788,10001,-775,-10008,-78,-10064,-544,10018,170,4643,-314,9995,-324,-10019,-60,-9950,6,20024,260,4644,-294,4577,-527,-150038,9781,-667,108,10016,172,4648,-284,9997,-230,-9955,230,-10063,40,10016,111,4638,-497,9992,-380,-9987,-213,9933,336,-41589,641285,2758,-508,1889,-507,-296350,1299,661,-12,-41593,641672,2757,-514,1889,-536,-297180,-341,659,53,-41586,641408,2758,-499,1890,-524,-296576,0,655,-30,-41592,641557,2758,-549,1889,-484,-297315,-452,659,44,21957,346,2608,-425,2592,-418,-296751,-2211,-671,2,-232848,-4496,435,1588,434,239,-1195,3406,97198,115722,-21468,-327,2606,-319,2591,-343,-296334,820,665,29,43847,695,1819,-504,1808,-481,-295601,184,-669,14,-41576,640766,2755,-785,3043,-890,-294405,-1615,660,-19,-41579,640877,2755,-759,3044,-834,-294872,-822,656,3,-41583,641044,2754,-814,3044,-827,-294837,-2638,657,24,-41573,640937,2753,-827,3043,-817,-294806,-53,662,-1,55713,697,1480,-758,1479,-888,-294603,1274,-666,-18,-43066,-725,2553,-669,2553,-719,-294781,-807,662,-32,-43053,-835,2554,-555,2553,-584,-294492,-1906,658,-44,55717,1166,1479,-683,1479,-705,-294977,2029,-672,-16
77,2023-04-25,no,yes,10013,180,4631,-927,9976,-1083,-9968,-251,-9971,-209,10014,205,4638,-1003,9980,-1021,-149863,3216,-665,55,10014,248,4637,-1003,9981,-1060,-9949,-602,-10077,311,10014,172,4639,-1035,9976,-1013,-9977,-178,-10041,167,10019,263,4641,-779,9993,-750,-10015,-417,-10052,549,20036,429,4644,-780,4576,-814,-150307,8273,-669,39,10017,162,4641,-764,9997,-768,-9968,15,-10080,-687,10019,157,4642,-1124,9995,-776,-9997,-534,9803,1476,-41578,641628,2756,-624,1888,-714,-296532,-474,658,16,-41591,641291,2756,-595,1888,-688,-297133,0,663,-16,-41583,641504,2756,-655,1888,-723,-296395,-476,662,-63,-41584,641491,2756,-677,1888,-659,-297026,-383,657,-28,21973,478,2607,-1047,2595,-1201,-297329,336,-666,-32,-232982,-5139,434,-1575,432,-339,-1196,2364,97003,120520,-21467,-511,2607,-991,2593,-961,-296268,-17,672,44,43871,699,1820,-1096,1809,-1111,-297335,-2663,-664,-59,-41565,640619,2758,-670,3049,-690,-294868,-1786,657,-21,-41586,640943,2758,-665,3048,-745,-295175,-241,662,2,-41589,641264,2757,-683,3049,-731,-295149,962,664,-25,-41579,641031,2758,-646,3049,-649,-295017,296,660,-14,55717,1222,1481,-449,1481,-521,-295057,-125,-677,-32,-43047,-977,2556,-290,2555,-472,-294964,639,658,37,-43071,-809,2557,-247,2555,-333,-295017,-569,660,-45,55708,770,1480,-400,1480,-525,-294636,-1087,-680,41
78,2023-04-25,yes,yes,10013,209,4639,-369,9986,-345,-10013,294,-9972,766,10016,119,4645,-476,9989,-408,-150107,3532,-670,127,10016,208,4634,-313,9996,-467,-10026,177,-10001,-300,10016,183,4644,-466,9993,-480,-9985,-69,-10030,-439,10019,109,4638,-888,9983,-856,-9984,-914,-10088,722,20030,397,4641,-897,4574,-890,-150030,8492,-666,31,10016,211,4639,-835,9993,-949,-10019,-890,-9977,369,10018,212,4639,-1016,9992,-942,-9967,-733,9901,-913,-41584,641196,2757,-615,1889,-637,-296362,-1267,656,-33,-41588,641477,2758,-644,1889,-667,-296159,-654,660,-44,-41585,641246,2757,-682,1888,-603,-296288,401,658,20,-41591,641323,2758,-581,1889,-660,-296517,763,657,-34,21973,474,2610,-777,2595,-684,-296894,-201,-675,22,-233072,-4389,434,431,433,136,-1196,6379,97005,123748,-21477,-507,2609,-706,2594,-633,-296417,111,663,-35,43852,729,1820,-668,1810,-717,-296271,373,-669,43,-41590,641118,2751,-450,3042,-455,-294122,-1060,659,2,-41587,641087,2751,-512,3042,-453,-294561,-1186,662,13,-41588,641341,2752,-499,3042,-453,-294100,-697,665,-35,-41579,641143,2750,-438,3042,-476,-294396,-631,666,-103,55707,1090,1482,-1034,1482,-1191,-295162,471,-679,-19,-43045,-807,2558,-818,2556,-1058,-295060,-1094,666,-28,-43040,-874,2558,-914,2557,-870,-295425,-1047,658,25,55718,874,1482,-1110,1482,-1067,-295076,-1557,-675,44
79,2023-04-27,no,yes,10013,265,4643,-961,9989,-989,-9951,-1290,-10075,944,10014,170,4641,-998,9990,-1029,-150108,3739,-670,9,10016,157,4635,-874,9987,-930,-10006,-806,-10023,-378,10014,126,4644,-1124,9993,-1068,-9958,-1146,-10082,-134,10015,139,4640,-1094,9982,-1159,-9963,-837,-9994,-838,20030,413,4636,-1071,4569,-1135,-149977,8104,-667,96,10014,129,4641,-1106,9985,-1131,-9936,-590,-10120,65,10015,213,4635,-1288,9983,-1111,-9903,-675,9892,925,-41610,641777,2758,-398,1890,-427,-296476,-894,654,-19,-41611,641591,2758,-457,1889,-449,-297054,1143,656,-17,-41611,641487,2756,-488,1888,-485,-296345,-674,655,-26,-41609,641648,2757,-375,1889,-417,-296930,590,658,-56,21962,489,2608,-262,2593,-213,-296777,-508,-671,-11,-232236,-4763,433,1237,431,364,-1197,4792,96586,120030,-21467,-412,2608,-127,2592,-83,-296232,392,664,-28,43854,720,1819,-199,1810,-264,-297625,174,-668,22,-41578,641023,2754,-607,3045,-605,-294738,-913,665,16,-41586,640870,2755,-554,3045,-599,-294305,-1003,661,11,-41567,640862,2755,-574,3045,-606,-294872,-1448,664,4,-41565,641071,2755,-598,3044,-677,-294910,-490,666,-3,55722,752,1481,-950,1480,-973,-294853,-241,-677,11,-43054,-793,2557,-701,2555,-846,-294793,421,662,-18,-43074,-981,2556,-693,2555,-909,-294587,652,662,39,55727,591,1481,-926,1480,-957,-294231,-44,-676,-25
80,2023-04-24,yes,yes,10013,206,4642,-1260,9991,-1196,-10027,-490,-9974,441,10013,163,4640,-1167,9994,-1205,-150137,2546,-668,71,10015,118,4644,-1257,9992,-1204,-10009,-1073,-10139,334,10015,181,4642,-1230,9993,-1249,-10038,-1061,-9921,168,10018,135,4642,-828,9994,-909,-9908,-350,-10196,838,20030,306,4647,-834,4577,-907,-149607,8442,-666,41,10017,123,4643,-833,9995,-810,-9935,-490,-10102,-807,10018,175,4634,-1037,9993,-808,-10030,-567,9901,-877,-41596,641507,2754,-507,1887,-540,-295923,-638,658,-71,-41602,641345,2754,-545,1887,-524,-296392,155,662,-50,-41592,641244,2754,-566,1887,-544,-295895,-386,656,-21,-41595,641526,2754,-564,1887,-553,-297017,-528,660,12,21966,278,2608,-721,2593,-675,-296619,-288,-667,21,-233003,-4685,433,-200,432,-77,-1195,1841,96476,117808,-21469,-404,2606,-514,2590,-630,-296019,893,669,51,43857,682,1818,-638,1809,-758,-296572,905,-671,46,-41581,641228,2758,-754,3050,-819,-294685,385,666,17,-41587,641126,2758,-776,3050,-855,-295350,-618,656,-28,-41585,640995,2758,-745,3049,-817,-295152,-1199,662,14,-41589,640846,2759,-746,3049,-845,-295140,-1748,664,50,55707,1099,1482,-469,1481,-543,-295087,546,-674,18,-43041,-1038,2556,-449,2557,-424,-295228,389,661,-6,-43057,-933,2558,-349,2556,-379,-295036,-2095,657,-5,55698,1003,1481,-459,1481,-535,-295382,971,-671,-18
81,2023-04-24,no,yes,10017,171,4645,-588,9997,-646,-9994,-714,-10001,-633,10020,223,4638,-535,9998,-691,-150202,3543,-672,35,10018,185,4643,-607,9999,-636,-9972,-520,-10084,-256,10018,218,4644,-646,9998,-610,-9949,164,-10080,-332,10013,140,4649,-903,9999,-921,-10026,-482,-10046,852,20026,379,4647,-934,4579,-976,-150252,8145,-666,65,10011,153,4642,-860,10003,-991,-10019,-432,-9996,-648,10011,247,4643,-1206,10001,-979,-9913,-962,9884,44,-41605,641269,2758,-291,1889,-298,-296011,689,656,-16,-41592,641400,2758,-299,1889,-283,-296755,2431,663,12,-41594,641397,2758,-333,1889,-332,-297045,506,658,-42,-41597,641492,2758,-332,1888,-296,-297717,1205,653,-62,21968,505,2607,-475,2593,-489,-296077,-214,-674,9,-233134,-4539,432,26,432,257,-1201,3959,96391,119415,-21472,-340,2607,-400,2591,-392,-296515,164,674,-22,43878,710,1819,-481,1809,-462,-296674,-886,-671,10,-41574,640907,2756,-580,3047,-671,-295017,564,663,0,-41579,640967,2756,-627,3047,-615,-294998,-538,668,-34,-41545,640651,2755,-690,3047,-674,-294725,-617,666,0,-41577,640954,2756,-657,3047,-661,-294896,-1979,660,139,55716,1070,1481,-515,1480,-593,-295241,-599,-674,-9,-43053,-927,2556,-370,2556,-397,-294861,-206,661,56,-43050,-847,2556,-392,2556,-441,-294601,204,656,0,55710,920,1481,-507,1480,-518,-295036,-1211,-675,-88
82,2023-05-09,yes,yes,10016,150,4644,-1089,9999,-1124,-10005,-825,-10049,-568,10015,121,4644,-1060,10001,-1103,-149838,2589,-668,119,10016,149,4648,-1162,9996,-1049,-9972,-468,-10071,158,10016,144,4648,-1032,9999,-1088,-9995,-1046,-10076,324,10019,194,4647,-732,9989,-741,-10028,-853,-9966,-246,20018,261,4644,-701,4575,-746,-150013,9074,-668,73,10018,132,4642,-717,9986,-719,-10044,-308,-9915,315,10018,164,4646,-1026,9989,-711,-9927,12,9893,-1177,-41611,641624,2758,-628,1888,-672,-296631,-2071,662,144,-41603,641312,2757,-645,1888,-687,-297195,-1412,652,-4,-41606,641095,2757,-563,1888,-690,-297264,713,651,34,-41615,641184,2757,-659,1889,-691,-296347,391,663,20,21979,151,2607,-444,2592,-459,-296299,-153,-673,25,-232956,-5677,432,699,431,239,-1195,3276,96715,119162,-21487,-432,2604,-505,2590,-430,-296126,870,668,35,43873,368,1820,-543,1808,-544,-297091,-883,-666,-70,-41599,641166,2754,-573,3045,-568,-294967,-717,664,-20,-41603,641234,2754,-520,3045,-504,-294880,-528,666,-15,-41605,641134,2754,-491,3045,-447,-294733,-442,659,-47,-41593,641235,2754,-505,3045,-536,-294496,-944,665,36,55722,711,1483,-492,1482,-482,-295097,148,-677,33,-43063,-795,2560,-290,2558,-381,-295046,-632,662,32,-43030,-1148,2560,-233,2558,-230,-295121,-2252,667,-31,55722,608,1482,-434,1482,-449,-295608,-614,-669,18
86,2023-07-26,yes,yes,10016,185,4645,-515,9997,-539,-9982,-578,-10064,467,10017,224,4640,-441,10005,-624,-149952,4026,-670,78,10016,191,4645,-478,10006,-596,-9985,95,-10041,331,10019,98,4649,-518,9995,-525,-9994,-212,-9972,-288,10010,185,4640,-776,9996,-897,-10019,-111,-9968,-842,20022,363,4641,-840,4576,-923,-150129,8464,-666,8,10009,204,4641,-837,10000,-947,-10007,-367,-10050,-851,10010,192,4647,-1142,9990,-817,-9936,-652,9964,-173,-41580,641454,2759,-663,1889,-701,-296737,-461,660,-9,-41580,641388,2758,-697,1889,-695,-295849,-1136,660,-70,-41585,641361,2758,-743,1889,-684,-297416,96,658,-113,-41580,641218,2758,-631,1889,-708,-297278,-730,658,-6,21973,380,2605,-235,2592,-269,-296890,930,-674,44,-233170,-4929,432,489,432,502,-1199,6365,96534,121613,-21472,-298,2604,-291,2591,-156,-296780,2361,669,-28,43865,862,1818,-350,1809,-363,-296433,731,-673,-15,-41569,640821,2756,-467,3047,-550,-294870,-370,667,36,-41571,640785,2757,-490,3048,-507,-294847,356,659,8,-41572,641193,2757,-485,3048,-502,-294760,834,664,-48,-41560,640672,2757,-486,3047,-507,-294909,2352,670,41,55695,984,1480,-747,1480,-897,-295061,-822,-670,29,-43055,-538,2557,-553,2556,-774,-294639,-1322,660,-16,-43063,-649,2556,-642,2554,-828,-294693,-1416,662,-44,55688,1049,1481,-806,1480,-859,-294762,778,-671,27
82,2023-07-18,yes,yes,10013,184,4645,-1083,10000,-1148,-10004,-727,-10041,-559,10012,158,4647,-1107,9993,-1072,-150088,2542,-667,119,10012,187,4643,-1109,9993,-1032,-9984,-500,-10064,157,10013,182,4643,-998,9994,-1084,-10003,-1035,-10070,325,10015,238,4639,-664,9986,-692,-10018,-745,-9959,-239,20023,304,4642,-722,4575,-796,-150807,8886,-668,73,10015,163,4638,-660,9994,-792,-10033,-132,-9907,313,10016,183,4644,-1082,9993,-759,-9950,173,9890,-1175,-41593,641589,2758,-681,1889,-685,-296729,-2037,662,145,-41585,641277,2758,-652,1889,-730,-297181,-1408,651,-3,-41588,641053,2758,-627,1889,-705,-297452,552,651,36,-41597,641145,2758,-697,1890,-711,-296512,259,662,21,21979,271,2607,-470,2592,-520,-296457,-60,-672,26,-232803,-4306,432,582,431,121,-1197,3525,96677,119872,-21473,-303,2606,-472,2592,-462,-296223,765,668,34,43861,650,1820,-614,1808,-514,-297183,-743,-666,-67,-41580,641117,2756,-555,3046,-628,-295089,-899,664,-20,-41584,641182,2756,-607,3046,-623,-295031,-571,666,-13,-41586,641080,2755,-556,3046,-572,-294924,-467,659,-45,-41573,641187,2755,-562,3046,-601,-294673,-1098,665,36,55704,1037,1483,-561,1482,-569,-295206,362,-677,33,-43043,-540,2560,-333,2559,-414,-295074,-626,662,31,-43011,-894,2559,-329,2558,-383,-295161,-2215,666,-32,55704,926,1482,-430,1482,-531,-295697,-432,-669,17
