Unit,Date,DAC_VOLTAGE_GAIN_0,DAC_VOLTAGE_OFFSET_0,ADC_U_LOAD_GAIN_0,ADC_U_LOAD_OFFSET_0,ADC_U_REGULATOR_GAIN_0,ADC_U_REGULATOR_OFFSET_0,ADC_I_MON_GAIN_0,ADC_I_MON_OFFSET_0,DAC_CURRENT_GAIN_0,DAC_CURRENT_OFFSET_0,DAC_VOLTAGE_GAIN_1,DAC_VOLTAGE_OFFSET_1,ADC_U_LOAD_GAIN_1,ADC_U_LOAD_OFFSET_1,ADC_U_REGULATOR_GAIN_1,ADC_U_REGULATOR_OFFSET_1,ADC_I_MON_GAIN_1,ADC_I_MON_OFFSET_1,DAC_CURRENT_GAIN_1,DAC_CURRENT_OFFSET_1,DAC_VOLTAGE_GAIN_2,DAC_VOLTAGE_OFFSET_2,ADC_U_LOAD_GAIN_2,ADC_U_LOAD_OFFSET_2,ADC_U_REGULATOR_GAIN_2,ADC_U_REGULATOR_OFFSET_2,ADC_I_MON_GAIN_2,ADC_I_MON_OFFSET_2,DAC_CURRENT_GAIN_2,DAC_CURRENT_OFFSET_2,DAC_VOLTAGE_GAIN_3,DAC_VOLTAGE_OFFSET_3,ADC_U_LOAD_GAIN_3,ADC_U_LOAD_OFFSET_3,ADC_U_REGULATOR_GAIN_3,ADC_U_REGULATOR_OFFSET_3,ADC_I_MON_GAIN_3,ADC_I_MON_OFFSET_3,DAC_CURRENT_GAIN_3,DAC_CURRENT_OFFSET_3,DAC_VOLTAGE_GAIN_4,DAC_VOLTAGE_OFFSET_4,ADC_U_LOAD_GAIN_4,ADC_U_LOAD_OFFSET_4,ADC_U_REGULATOR_GAIN_4,ADC_U_REGULATOR_OFFSET_4,ADC_I_MON_GAIN_4,ADC_I_MON_OFFSET_4,DAC_CURRENT_GAIN_4,DAC_CURRENT_OFFSET_4,DAC_VOLTAGE_GAIN_5,DAC_VOLTAGE_OFFSET_5,ADC_U_LOAD_GAIN_5,ADC_U_LOAD_OFFSET_5,ADC_U_REGULATOR_GAIN_5,ADC_U_REGULATOR_OFFSET_5,ADC_I_MON_GAIN_5,ADC_I_MON_OFFSET_5,DAC_CURRENT_GAIN_5,DAC_CURRENT_OFFSET_5,DAC_VOLTAGE_GAIN_6,DAC_VOLTAGE_OFFSET_6,ADC_U_LOAD_GAIN_6,ADC_U_LOAD_OFFSET_6,ADC_U_REGULATOR_GAIN_6,ADC_U_REGULATOR_OFFSET_6,ADC_I_MON_GAIN_6,ADC_I_MON_OFFSET_6,DAC_CURRENT_GAIN_6,DAC_CURRENT_OFFSET_6,DAC_VOLTAGE_GAIN_7,DAC_VOLTAGE_OFFSET_7,ADC_U_LOAD_GAIN_7,ADC_U_LOAD_OFFSET_7,ADC_U_REGULATOR_GAIN_7,ADC_U_REGULATOR_OFFSET_7,ADC_I_MON_GAIN_7,ADC_I_MON_OFFSET_7,DAC_CURRENT_GAIN_7,DAC_CURRENT_OFFSET_7,DAC_VOLTAGE_GAIN_8,DAC_VOLTAGE_OFFSET_8,ADC_U_LOAD_GAIN_8,ADC_U_LOAD_OFFSET_8,ADC_U_REGULATOR_GAIN_8,ADC_U_REGULATOR_OFFSET_8,ADC_I_MON_GAIN_8,ADC_I_MON_OFFSET_8,DAC_CURRENT_GAIN_8,DAC_CURRENT_OFFSET_8,DAC_VOLTAGE_GAIN_9,DAC_VOLTAGE_OFFSET_9,ADC_U_LOAD_GAIN_9,ADC_U_LOAD_OFFSET_9,ADC_U_REGULATOR_GAIN_9,ADC_U_REGULATOR_OFFSET_9,ADC_I_MON_GAIN_9,ADC_I_MON_OFFSET_9,DAC_CURRENT_GAIN_9,DAC_CURRENT_OFFSET_9,DAC_VOLTAGE_GAIN_10,DAC_VOLTAGE_OFFSET_10,ADC_U_LOAD_GAIN_10,ADC_U_LOAD_OFFSET_10,ADC_U_REGULATOR_GAIN_10,ADC_U_REGULATOR_OFFSET_10,ADC_I_MON_GAIN_10,ADC_I_MON_OFFSET_10,DAC_CURRENT_GAIN_10,DAC_CURRENT_OFFSET_10,DAC_VOLTAGE_GAIN_11,DAC_VOLTAGE_OFFSET_11,ADC_U_LOAD_GAIN_11,ADC_U_LOAD_OFFSET_11,ADC_U_REGULATOR_GAIN_11,ADC_U_REGULATOR_OFFSET_11,ADC_I_MON_GAIN_11,ADC_I_MON_OFFSET_11,DAC_CURRENT_GAIN_11,DAC_CURRENT_OFFSET_11,DAC_VOLTAGE_GAIN_12,DAC_VOLTAGE_OFFSET_12,ADC_U_LOAD_GAIN_12,ADC_U_LOAD_OFFSET_12,ADC_U_REGULATOR_GAIN_12,ADC_U_REGULATOR_OFFSET_12,ADC_I_MON_GAIN_12,ADC_I_MON_OFFSET_12,DAC_CURRENT_GAIN_12,DAC_CURRENT_OFFSET_12,DAC_VOLTAGE_GAIN_13,DAC_VOLTAGE_OFFSET_13,ADC_U_LOAD_GAIN_13,ADC_U_LOAD_OFFSET_13,ADC_U_REGULATOR_GAIN_13,ADC_U_REGULATOR_OFFSET_13,ADC_I_MON_GAIN_13,ADC_I_MON_OFFSET_13,DAC_CURRENT_GAIN_13,DAC_CURRENT_OFFSET_13,DAC_VOLTAGE_GAIN_14,DAC_VOLTAGE_OFFSET_14,ADC_U_LOAD_GAIN_14,ADC_U_LOAD_OFFSET_14,ADC_U_REGULATOR_GAIN_14,ADC_U_REGULATOR_OFFSET_14,ADC_I_MON_GAIN_14,ADC_I_MON_OFFSET_14,DAC_CURRENT_GAIN_14,DAC_CURRENT_OFFSET_14,DAC_VOLTAGE_GAIN_15,DAC_VOLTAGE_OFFSET_15,ADC_U_LOAD_GAIN_15,ADC_U_LOAD_OFFSET_15,ADC_U_REGULATOR_GAIN_15,ADC_U_REGULATOR_OFFSET_15,ADC_I_MON_GAIN_15,ADC_I_MON_OFFSET_15,DAC_CURRENT_GAIN_15,DAC_CURRENT_OFFSET_15,DAC_VOLTAGE_GAIN_16,DAC_VOLTAGE_OFFSET_16,ADC_U_LOAD_GAIN_16,ADC_U_LOAD_OFFSET_16,ADC_U_REGULATOR_GAIN_16,ADC_U_REGULATOR_OFFSET_16,ADC_I_MON_GAIN_16,ADC_I_MON_OFFSET_16,DAC_CURRENT_GAIN_16,DAC_CURRENT_OFFSET_16,DAC_VOLTAGE_GAIN_17,DAC_VOLTAGE_OFFSET_17,ADC_U_LOAD_GAIN_17,ADC_U_LOAD_OFFSET_17,ADC_U_REGULATOR_GAIN_17,ADC_U_REGULATOR_OFFSET_17,ADC_I_MON_GAIN_17,ADC_I_MON_OFFSET_17,DAC_CURRENT_GAIN_17,DAC_CURRENT_OFFSET_17,DAC_VOLTAGE_GAIN_18,DAC_VOLTAGE_OFFSET_18,ADC_U_LOAD_GAIN_18,ADC_U_LOAD_OFFSET_18,ADC_U_REGULATOR_GAIN_18,ADC_U_REGULATOR_OFFSET_18,ADC_I_MON_GAIN_18,ADC_I_MON_OFFSET_18,DAC_CURRENT_GAIN_18,DAC_CURRENT_OFFSET_18,DAC_VOLTAGE_GAIN_19,DAC_VOLTAGE_OFFSET_19,ADC_U_LOAD_GAIN_19,ADC_U_LOAD_OFFSET_19,ADC_U_REGULATOR_GAIN_19,ADC_U_REGULATOR_OFFSET_19,ADC_I_MON_GAIN_19,ADC_I_MON_OFFSET_19,DAC_CURRENT_GAIN_19,DAC_CURRENT_OFFSET_19,DAC_VOLTAGE_GAIN_20,DAC_VOLTAGE_OFFSET_20,ADC_U_LOAD_GAIN_20,ADC_U_LOAD_OFFSET_20,ADC_U_REGULATOR_GAIN_20,ADC_U_REGULATOR_OFFSET_20,ADC_I_MON_GAIN_20,ADC_I_MON_OFFSET_20,DAC_CURRENT_GAIN_20,DAC_CURRENT_OFFSET_20,DAC_VOLTAGE_GAIN_21,DAC_VOLTAGE_OFFSET_21,ADC_U_LOAD_GAIN_21,ADC_U_LOAD_OFFSET_21,ADC_U_REGULATOR_GAIN_21,ADC_U_REGULATOR_OFFSET_21,ADC_I_MON_GAIN_21,ADC_I_MON_OFFSET_21,DAC_CURRENT_GAIN_21,DAC_CURRENT_OFFSET_21,DAC_VOLTAGE_GAIN_22,DAC_VOLTAGE_OFFSET_22,ADC_U_LOAD_GAIN_22,ADC_U_LOAD_OFFSET_22,ADC_U_REGULATOR_GAIN_22,ADC_U_REGULATOR_OFFSET_22,ADC_I_MON_GAIN_22,ADC_I_MON_OFFSET_22,DAC_CURRENT_GAIN_22,DAC_CURRENT_OFFSET_22,DAC_VOLTAGE_GAIN_23,DAC_VOLTAGE_OFFSET_23,ADC_U_LOAD_GAIN_23,ADC_U_LOAD_OFFSET_23,ADC_U_REGULATOR_GAIN_23,ADC_U_REGULATOR_OFFSET_23,ADC_I_MON_GAIN_23,ADC_I_MON_OFFSET_23,DAC_CURRENT_GAIN_23,DAC_CURRENT_OFFSET_23
26,2022-07-15,10016.0,146.0,4644.0,-760.0,9998.0,-757.0,-9946.0,-553.0,-10062.0,-1721.0,10015.0,224.0,4641.0,-723.0,9997.0,-758.0,-151224.0,2970.0,-668.0,93.0,10016.0,109.0,4643.0,-657.0,9998.0,-698.0,-10007.0,-99.0,-10055.0,-298.0,10016.0,251.0,4641.0,-696.0,9996.0,-769.0,-9934.0,-590.0,-10126.0,-1286.0,10015.0,125.0,4632.0,-735.0,9990.0,-908.0,-10023.0,-732.0,-10057.0,1040.0,20019.0,249.0,4640.0,-870.0,4572.0,-883.0,-150240.0,10516.0,-670.0,89.0,10011.0,165.0,4638.0,-822.0,9984.0,-887.0,-9885.0,64.0,-10042.0,-269.0,10014.0,173.0,4635.0,-1052.0,9988.0,-858.0,-9896.0,-757.0,10003.0,-394.0,-41583.0,641295.0,2753.0,-550.0,1886.0,-604.0,-295905.0,475.0,654.0,54.0,-41597.0,641535.0,2754.0,-516.0,1887.0,-566.0,-296023.0,-142.0,663.0,-73.0,-41586.0,641415.0,2754.0,-542.0,1887.0,-525.0,-296473.0,479.0,655.0,-3.0,-41592.0,641537.0,2754.0,-577.0,1887.0,-512.0,-296724.0,262.0,654.0,6.0,21965.0,264.0,2607.0,-539.0,2593.0,-503.0,-297138.0,-733.0,-674.0,20.0,-232884.0,-4702.0,432.0,1116.0,434.0,95.0,-11980.0,4340.0,9648.0,11319.0,-21471.0,-180.0,2606.0,-503.0,2592.0,-425.0,-297509.0,1774.0,666.0,-75.0,43845.0,637.0,1820.0,-602.0,1808.0,-581.0,-296556.0,339.0,-669.0,-35.0,-41572.0,640981.0,2757.0,-615.0,3047.0,-641.0,-295538.0,-1404.0,661.0,-23.0,-41560.0,640667.0,2757.0,-612.0,3048.0,-635.0,-295200.0,-556.0,661.0,-34.0,-41563.0,640926.0,2757.0,-619.0,3048.0,-635.0,-295090.0,-656.0,659.0,36.0,-41585.0,641170.0,2756.0,-631.0,3048.0,-643.0,-294881.0,-260.0,665.0,27.0,55700.0,817.0,1480.0,-665.0,1480.0,-775.0,-296256.0,600.0,-672.0,-34.0,-43035.0,-522.0,2556.0,-541.0,2555.0,-664.0,-296216.0,-188.0,655.0,-1.0,-43048.0,-479.0,2556.0,-545.0,2555.0,-649.0,-295180.0,-2074.0,661.0,5.0,55718.0,780.0,1480.0,-728.0,1480.0,-763.0,-294682.0,-50.0,-670.0,7.0
26,2022-07-12,10016.0,130.0,4643.0,-741.0,9996.0,-714.0,-9978.0,-530.0,-10063.0,-1720.0,10016.0,200.0,4645.0,-726.0,9994.0,-709.0,-150461.0,3978.0,-668.0,93.0,10017.0,87.0,4640.0,-626.0,9996.0,-676.0,-10053.0,-405.0,-10057.0,-294.0,10017.0,226.0,4647.0,-753.0,9996.0,-768.0,-9931.0,-574.0,-10131.0,-1280.0,10016.0,97.0,4633.0,-742.0,9985.0,-853.0,-10016.0,-649.0,-10055.0,1049.0,20014.0,226.0,4640.0,-808.0,4573.0,-870.0,-149949.0,10336.0,-670.0,88.0,10011.0,151.0,4641.0,-837.0,9986.0,-868.0,-9947.0,-462.0,-10045.0,-267.0,10015.0,146.0,4631.0,-884.0,9984.0,-817.0,-9890.0,-748.0,10005.0,-389.0,-41592.0,641243.0,2752.0,-496.0,1887.0,-531.0,-295909.0,402.0,654.0,54.0,-41605.0,641478.0,2754.0,-470.0,1887.0,-517.0,-296098.0,-94.0,663.0,-74.0,-41594.0,641363.0,2754.0,-470.0,1886.0,-493.0,-296657.0,690.0,655.0,-3.0,-41601.0,641488.0,2754.0,-501.0,1886.0,-470.0,-297059.0,167.0,654.0,6.0,21964.0,178.0,2607.0,-515.0,2593.0,-472.0,-295521.0,-177.0,-674.0,19.0,-232972.0,-5501.0,431.0,1097.0,434.0,138.0,-11980.0,4522.0,9650.0,11316.0,-21479.0,-269.0,2605.0,-443.0,2590.0,-422.0,-297289.0,2221.0,666.0,-75.0,43849.0,465.0,1819.0,-592.0,1808.0,-569.0,-296638.0,60.0,-669.0,-35.0,-41580.0,640936.0,2756.0,-558.0,3047.0,-604.0,-294439.0,-947.0,661.0,-23.0,-41569.0,640619.0,2756.0,-517.0,3047.0,-577.0,-295474.0,-226.0,661.0,-35.0,-41572.0,640880.0,2755.0,-559.0,3047.0,-568.0,-294479.0,-156.0,659.0,36.0,-41593.0,641120.0,2756.0,-596.0,3047.0,-613.0,-295257.0,-432.0,665.0,27.0,55707.0,624.0,1481.0,-642.0,1480.0,-742.0,-293698.0,462.0,-672.0,-34.0,-43045.0,-672.0,2555.0,-546.0,2555.0,-596.0,-293294.0,-758.0,655.0,-1.0,-43058.0,-624.0,2555.0,-539.0,2554.0,-626.0,-296792.0,-1778.0,661.0,5.0,55725.0,588.0,1481.0,-755.0,1480.0,-808.0,-296263.0,-68.0,-670.0,7.0
26,2022-07-06,10017.0,127.0,4643.0,-743.0,9999.0,-745.0,-9885.0,-450.0,-10063.0,-1720.0,10016.0,200.0,4645.0,-744.0,9996.0,-728.0,-149132.0,4426.0,-668.0,93.0,10017.0,86.0,4643.0,-649.0,9993.0,-642.0,-9912.0,760.0,-10058.0,-293.0,10017.0,223.0,4644.0,-726.0,9995.0,-731.0,-9932.0,-563.0,-10131.0,-1279.0,10016.0,96.0,4636.0,-773.0,9985.0,-837.0,-10020.0,-680.0,-10056.0,1051.0,20013.0,234.0,4640.0,-829.0,4572.0,-860.0,-150657.0,10033.0,-670.0,88.0,10011.0,150.0,4643.0,-852.0,9987.0,-859.0,-9893.0,-256.0,-10046.0,-263.0,10015.0,145.0,4648.0,-1056.0,9983.0,-800.0,-9904.0,-656.0,10005.0,-391.0,-41593.0,641244.0,2752.0,-482.0,1886.0,-520.0,-296304.0,375.0,654.0,54.0,-41607.0,641476.0,2753.0,-476.0,1886.0,-531.0,-296598.0,-121.0,663.0,-73.0,-41595.0,641364.0,2754.0,-459.0,1887.0,-510.0,-296384.0,1043.0,655.0,-3.0,-41602.0,641484.0,2753.0,-515.0,1886.0,-457.0,-296385.0,140.0,654.0,6.0,21963.0,171.0,2607.0,-475.0,2594.0,-535.0,-296486.0,-491.0,-674.0,19.0,-232983.0,-5560.0,431.0,1163.0,434.0,94.0,-11971.0,4490.0,9650.0,11317.0,-21480.0,-271.0,2605.0,-457.0,2591.0,-368.0,-297483.0,1936.0,666.0,-75.0,43850.0,450.0,1819.0,-565.0,1808.0,-525.0,-296304.0,303.0,-669.0,-36.0,-41581.0,640934.0,2756.0,-561.0,3047.0,-554.0,-294315.0,-1754.0,661.0,-24.0,-41570.0,640616.0,2756.0,-520.0,3047.0,-571.0,-295352.0,-349.0,661.0,-35.0,-41573.0,640876.0,2755.0,-609.0,3047.0,-573.0,-294373.0,-363.0,659.0,36.0,-41594.0,641120.0,2756.0,-587.0,3047.0,-591.0,-295367.0,-138.0,665.0,27.0,55709.0,588.0,1480.0,-650.0,1480.0,-714.0,-294295.0,613.0,-672.0,-34.0,-43047.0,-686.0,2555.0,-535.0,2554.0,-615.0,-295758.0,-702.0,655.0,-1.0,-43060.0,-641.0,2555.0,-571.0,2555.0,-575.0,-294213.0,-2635.0,661.0,5.0,55725.0,570.0,1481.0,-769.0,1480.0,-778.0,-294956.0,-27.0,-670.0,8.0
26,2022-07-13,10017.0,129.0,4640.0,-722.0,9995.0,-716.0,-9842.0,-206.0,-10063.0,-1721.0,10016.0,199.0,4639.0,-678.0,9996.0,-741.0,-148708.0,4470.0,-668.0,93.0,10017.0,86.0,4642.0,-634.0,9996.0,-658.0,-10063.0,-308.0,-10057.0,-292.0,10017.0,225.0,4643.0,-707.0,9989.0,-691.0,-9933.0,-570.0,-10131.0,-1280.0,10016.0,96.0,4640.0,-780.0,9981.0,-810.0,-10017.0,-663.0,-10054.0,1053.0,20014.0,226.0,4640.0,-809.0,4573.0,-882.0,-148734.0,10294.0,-670.0,89.0,10011.0,150.0,4638.0,-816.0,9985.0,-882.0,-10015.0,-816.0,-10044.0,-267.0,10015.0,147.0,4631.0,-825.0,9982.0,-832.0,-9898.0,-691.0,10005.0,-386.0,-41592.0,641250.0,2752.0,-494.0,1886.0,-540.0,-295960.0,262.0,654.0,54.0,-41605.0,641479.0,2754.0,-470.0,1887.0,-520.0,-296158.0,126.0,663.0,-73.0,-41594.0,641365.0,2754.0,-461.0,1887.0,-499.0,-296695.0,626.0,655.0,-4.0,-41601.0,641492.0,2754.0,-512.0,1886.0,-467.0,-296855.0,280.0,654.0,6.0,21964.0,179.0,2607.0,-533.0,2594.0,-514.0,-295042.0,-511.0,-674.0,19.0,-232972.0,-5556.0,431.0,1165.0,434.0,125.0,-11978.0,4529.0,9651.0,11319.0,-21479.0,-266.0,2605.0,-475.0,2591.0,-411.0,-297715.0,2242.0,666.0,-75.0,43849.0,461.0,1819.0,-571.0,1808.0,-554.0,-296072.0,-33.0,-669.0,-35.0,-41580.0,640935.0,2756.0,-529.0,3047.0,-586.0,-295179.0,-1551.0,661.0,-23.0,-41569.0,640624.0,2756.0,-534.0,3047.0,-586.0,-295338.0,-439.0,661.0,-35.0,-41572.0,640884.0,2755.0,-574.0,3047.0,-600.0,-295471.0,212.0,659.0,36.0,-41594.0,641123.0,2755.0,-613.0,3047.0,-594.0,-294515.0,-745.0,665.0,27.0,55708.0,619.0,1480.0,-657.0,1480.0,-751.0,-293847.0,904.0,-671.0,-34.0,-43046.0,-673.0,2555.0,-532.0,2553.0,-708.0,-294000.0,-1329.0,655.0,-1.0,-43059.0,-630.0,2555.0,-551.0,2554.0,-666.0,-294599.0,-2021.0,661.0,5.0,55725.0,588.0,1480.0,-723.0,1480.0,-757.0,-295133.0,515.0,-670.0,8.0
26,2023-01-19,10017.0,131.0,4646.0,-761.0,9996.0,-709.0,-9941.0,-206.0,-10061.0,-1726.0,10016.0,204.0,4647.0,-751.0,9993.0,-699.0,-149498.0,4261.0,-668.0,93.0,10017.0,89.0,4643.0,-650.0,9995.0,-672.0,-9987.0,-9.0,-10053.0,-295.0,10017.0,226.0,4647.0,-753.0,9995.0,-737.0,-9934.0,-544.0,-10123.0,-1285.0,10016.0,102.0,4638.0,-789.0,9987.0,-860.0,-10019.0,-712.0,-10045.0,1065.0,20015.0,227.0,4641.0,-847.0,4573.0,-867.0,-149739.0,9820.0,-670.0,89.0,10011.0,153.0,4640.0,-824.0,9985.0,-885.0,-9994.0,-628.0,-10031.0,-258.0,10015.0,146.0,4654.0,-1029.0,9984.0,-819.0,-9899.0,-713.0,10005.0,-390.0,-41591.0,641255.0,2752.0,-512.0,1886.0,-556.0,-296061.0,370.0,654.0,55.0,-41606.0,641497.0,2754.0,-460.0,1887.0,-514.0,-296447.0,-34.0,663.0,-73.0,-41594.0,641384.0,2754.0,-480.0,1887.0,-517.0,-296397.0,617.0,655.0,-3.0,-41601.0,641507.0,2754.0,-519.0,1886.0,-456.0,-296975.0,139.0,654.0,6.0,21964.0,190.0,2607.0,-517.0,2593.0,-515.0,-296745.0,-585.0,-674.0,19.0,-233025.0,-5590.0,432.0,1209.0,434.0,283.0,-1178.0,5078.0,95599.0,119676.0,-21479.0,-259.0,2605.0,-480.0,2590.0,-426.0,-297307.0,2080.0,666.0,-74.0,43850.0,480.0,1819.0,-545.0,1808.0,-544.0,-295999.0,4.0,-669.0,-35.0,-41581.0,640957.0,2756.0,-545.0,3047.0,-619.0,-294707.0,-1412.0,661.0,-23.0,-41570.0,640646.0,2756.0,-513.0,3047.0,-601.0,-295241.0,-700.0,661.0,-34.0,-41572.0,640902.0,2756.0,-602.0,3047.0,-608.0,-294859.0,-412.0,659.0,36.0,-41594.0,641142.0,2756.0,-595.0,3047.0,-618.0,-295690.0,-281.0,665.0,27.0,55699.0,751.0,1480.0,-654.0,1480.0,-716.0,-294686.0,574.0,-671.0,-35.0,-43045.0,-663.0,2555.0,-523.0,2555.0,-614.0,-294400.0,-399.0,655.0,-0.0,-43059.0,-615.0,2555.0,-557.0,2554.0,-618.0,-294231.0,-2111.0,661.0,6.0,55717.0,711.0,1481.0,-737.0,1480.0,-792.0,-294288.0,-110.0,-670.0,6.0
26,2022-07-14,10017.0,131.0,4640.0,-711.0,9993.0,-694.0,-9788.0,93.0,-10064.0,-1714.0,10016.0,203.0,4644.0,-746.0,9994.0,-705.0,-149332.0,4590.0,-668.0,93.0,10017.0,89.0,4641.0,-618.0,9994.0,-667.0,-10106.0,-1066.0,-10058.0,-289.0,10017.0,226.0,4646.0,-734.0,9996.0,-750.0,-9933.0,-600.0,-10132.0,-1276.0,10016.0,100.0,4635.0,-789.0,9981.0,-803.0,-10019.0,-702.0,-10057.0,1050.0,20015.0,228.0,4640.0,-815.0,4572.0,-847.0,-148634.0,10672.0,-670.0,88.0,10011.0,152.0,4639.0,-808.0,9987.0,-926.0,-9962.0,-545.0,-10046.0,-264.0,10015.0,153.0,4639.0,-1035.0,9982.0,-815.0,-9896.0,-739.0,10006.0,-385.0,-41592.0,641275.0,2752.0,-505.0,1887.0,-545.0,-295834.0,441.0,654.0,53.0,-41605.0,641507.0,2754.0,-500.0,1887.0,-538.0,-296024.0,-2.0,663.0,-73.0,-41594.0,641390.0,2754.0,-493.0,1887.0,-497.0,-296521.0,722.0,655.0,-3.0,-41600.0,641515.0,2753.0,-535.0,1886.0,-481.0,-296673.0,290.0,654.0,5.0,21964.0,190.0,2607.0,-483.0,2593.0,-485.0,-296916.0,-424.0,-674.0,19.0,-232964.0,-5378.0,431.0,1174.0,434.0,130.0,-11975.0,4409.0,9650.0,11328.0,-21478.0,-257.0,2605.0,-480.0,2590.0,-434.0,-296654.0,1829.0,666.0,-75.0,43850.0,490.0,1819.0,-547.0,1808.0,-552.0,-296154.0,-75.0,-670.0,-35.0,-41580.0,640953.0,2756.0,-565.0,3047.0,-624.0,-295061.0,-2125.0,661.0,-24.0,-41569.0,640651.0,2756.0,-535.0,3047.0,-602.0,-295815.0,-442.0,661.0,-35.0,-41571.0,640903.0,2755.0,-599.0,3047.0,-599.0,-295818.0,-77.0,659.0,35.0,-41593.0,641153.0,2756.0,-607.0,3047.0,-621.0,-294691.0,-1.0,665.0,27.0,55704.0,680.0,1481.0,-688.0,1480.0,-722.0,-294855.0,-157.0,-672.0,-34.0,-43044.0,-643.0,2555.0,-553.0,2554.0,-640.0,-294811.0,-820.0,655.0,-1.0,-43057.0,-594.0,2556.0,-519.0,2554.0,-645.0,-295372.0,-2481.0,661.0,5.0,55721.0,662.0,1481.0,-728.0,1480.0,-727.0,-295697.0,122.0,-670.0,7.0
26,2022-07-06,10017.0,128.0,4644.0,-752.0,9996.0,-717.0,-9901.0,-445.0,-10064.0,-1717.0,10017.0,200.0,4643.0,-711.0,9998.0,-759.0,-148050.0,5374.0,-668.0,93.0,10017.0,87.0,4645.0,-674.0,9995.0,-671.0,-10003.0,73.0,-10058.0,-292.0,10017.0,223.0,4646.0,-747.0,9995.0,-739.0,-9920.0,-486.0,-10131.0,-1279.0,10016.0,96.0,4635.0,-738.0,9989.0,-868.0,-10017.0,-664.0,-10055.0,1054.0,20013.0,228.0,4641.0,-835.0,4572.0,-826.0,-149935.0,10364.0,-670.0,89.0,10011.0,149.0,4639.0,-802.0,9986.0,-884.0,-9957.0,16.0,-10046.0,-266.0,10015.0,145.0,4642.0,-1001.0,9981.0,-797.0,-9898.0,-696.0,10005.0,-389.0,-41593.0,641246.0,2752.0,-473.0,1886.0,-552.0,-295960.0,212.0,654.0,54.0,-41607.0,641483.0,2753.0,-483.0,1886.0,-529.0,-295800.0,-326.0,663.0,-73.0,-41596.0,641370.0,2754.0,-452.0,1886.0,-513.0,-296758.0,601.0,655.0,-3.0,-41602.0,641497.0,2754.0,-493.0,1886.0,-458.0,-296920.0,308.0,654.0,6.0,21964.0,173.0,2607.0,-500.0,2594.0,-518.0,-295222.0,-497.0,-674.0,19.0,-232980.0,-5567.0,431.0,1080.0,434.0,135.0,-11977.0,4506.0,9651.0,11323.0,-21480.0,-271.0,2605.0,-466.0,2591.0,-389.0,-297799.0,1898.0,666.0,-75.0,43850.0,451.0,1819.0,-569.0,1808.0,-556.0,-296117.0,-1.0,-669.0,-36.0,-41581.0,640936.0,2756.0,-520.0,3047.0,-588.0,-295051.0,-1894.0,661.0,-23.0,-41570.0,640623.0,2756.0,-524.0,3047.0,-599.0,-294829.0,-687.0,661.0,-35.0,-41572.0,640881.0,2756.0,-571.0,3047.0,-595.0,-295869.0,-446.0,659.0,36.0,-41594.0,641122.0,2756.0,-571.0,3047.0,-590.0,-294032.0,-527.0,665.0,27.0,55710.0,594.0,1481.0,-679.0,1480.0,-701.0,-295349.0,785.0,-672.0,-34.0,-43047.0,-682.0,2555.0,-509.0,2555.0,-570.0,-296293.0,-796.0,655.0,-1.0,-43060.0,-639.0,2555.0,-538.0,2554.0,-678.0,-295586.0,-2518.0,661.0,5.0,55725.0,576.0,1480.0,-716.0,1480.0,-762.0,-294841.0,-109.0,-670.0,7.0
26,2022-07-02,10015.0,148.0,4645.0,-773.0,9996.0,-738.0,-9889.0,-227.0,-10061.0,-1732.0,10015.0,218.0,4644.0,-744.0,9996.0,-746.0,-150713.0,4026.0,-668.0,93.0,10016.0,104.0,4644.0,-662.0,9996.0,-700.0,-9986.0,128.0,-10055.0,-302.0,10015.0,245.0,4648.0,-753.0,9995.0,-752.0,-9929.0,-555.0,-10129.0,-1287.0,10015.0,115.0,4635.0,-763.0,9986.0,-843.0,-10018.0,-683.0,-10056.0,1041.0,20017.0,238.0,4639.0,-823.0,4571.0,-841.0,-151713.0,9293.0,-670.0,89.0,10011.0,161.0,4638.0,-826.0,9986.0,-900.0,-9996.0,-416.0,-10042.0,-271.0,10014.0,166.0,4651.0,-1050.0,9987.0,-840.0,-9906.0,-644.0,10003.0,-391.0,-41584.0,641251.0,2752.0,-551.0,1886.0,-597.0,-295956.0,270.0,654.0,54.0,-41598.0,641492.0,2754.0,-485.0,1887.0,-568.0,-296338.0,-123.0,663.0,-73.0,-41587.0,641378.0,2754.0,-488.0,1887.0,-530.0,-296505.0,621.0,655.0,-3.0,-41594.0,641505.0,2754.0,-582.0,1886.0,-519.0,-296945.0,184.0,654.0,6.0,21964.0,240.0,2608.0,-575.0,2593.0,-527.0,-297082.0,-430.0,-674.0,19.0,-232901.0,-4984.0,431.0,1073.0,434.0,51.0,-11986.0,4525.0,9648.0,11282.0,-21473.0,-211.0,2605.0,-478.0,2591.0,-435.0,-296554.0,1869.0,666.0,-75.0,43845.0,577.0,1819.0,-583.0,1809.0,-636.0,-295892.0,436.0,-669.0,-35.0,-41573.0,640943.0,2757.0,-556.0,3047.0,-637.0,-294175.0,-1856.0,661.0,-23.0,-41562.0,640627.0,2756.0,-567.0,3047.0,-607.0,-296144.0,-1183.0,661.0,-34.0,-41564.0,640886.0,2756.0,-622.0,3047.0,-618.0,-295466.0,-763.0,659.0,36.0,-41586.0,641124.0,2756.0,-611.0,3047.0,-646.0,-294728.0,-727.0,665.0,27.0,55697.0,818.0,1481.0,-685.0,1480.0,-735.0,-294622.0,758.0,-671.0,-34.0,-43037.0,-572.0,2555.0,-568.0,2555.0,-659.0,-295246.0,-819.0,655.0,-1.0,-43050.0,-527.0,2555.0,-538.0,2555.0,-657.0,-294404.0,-2260.0,661.0,5.0,55714.0,782.0,1481.0,-749.0,1480.0,-753.0,-294672.0,537.0,-670.0,6.0
26,2022-07-04,10016.0,127.0,4641.0,-726.0,9996.0,-718.0,-9847.0,-202.0,-10064.0,-1717.0,10016.0,200.0,4643.0,-729.0,9999.0,-745.0,-150201.0,3834.0,-668.0,93.0,10017.0,85.0,4643.0,-650.0,9995.0,-672.0,-9984.0,62.0,-10057.0,-294.0,10017.0,221.0,4643.0,-709.0,9995.0,-751.0,-9933.0,-620.0,-10131.0,-1280.0,10016.0,94.0,4636.0,-775.0,9986.0,-849.0,-10023.0,-719.0,-10057.0,1051.0,20012.0,235.0,4641.0,-838.0,4573.0,-864.0,-150719.0,10268.0,-670.0,89.0,10011.0,150.0,4643.0,-853.0,9986.0,-875.0,-10000.0,-1006.0,-10046.0,-266.0,10015.0,142.0,4649.0,-1073.0,9983.0,-785.0,-9894.0,-714.0,10005.0,-388.0,-41594.0,641233.0,2752.0,-469.0,1886.0,-545.0,-296044.0,334.0,654.0,54.0,-41608.0,641464.0,2753.0,-446.0,1886.0,-535.0,-295972.0,-44.0,663.0,-73.0,-41596.0,641349.0,2754.0,-452.0,1887.0,-467.0,-296244.0,538.0,655.0,-3.0,-41603.0,641469.0,2753.0,-506.0,1887.0,-450.0,-296763.0,370.0,654.0,6.0,21963.0,157.0,2608.0,-514.0,2593.0,-446.0,-295464.0,-688.0,-674.0,19.0,-232999.0,-5677.0,431.0,1077.0,434.0,147.0,-11979.0,4456.0,9650.0,11305.0,-21481.0,-293.0,2605.0,-456.0,2590.0,-397.0,-297235.0,1769.0,666.0,-75.0,43850.0,414.0,1819.0,-570.0,1808.0,-557.0,-296344.0,281.0,-669.0,-35.0,-41582.0,640913.0,2757.0,-503.0,3047.0,-566.0,-294885.0,-1817.0,661.0,-24.0,-41571.0,640603.0,2756.0,-544.0,3047.0,-552.0,-294409.0,-292.0,661.0,-35.0,-41574.0,640863.0,2755.0,-551.0,3047.0,-571.0,-294194.0,-348.0,659.0,36.0,-41596.0,641102.0,2756.0,-578.0,3047.0,-597.0,-294405.0,-422.0,665.0,27.0,55710.0,552.0,1480.0,-643.0,1480.0,-710.0,-294794.0,547.0,-672.0,-34.0,-43048.0,-719.0,2555.0,-472.0,2554.0,-636.0,-296092.0,-442.0,655.0,-1.0,-43061.0,-667.0,2555.0,-516.0,2554.0,-631.0,-295014.0,-2271.0,661.0,5.0,55727.0,523.0,1481.0,-741.0,1480.0,-748.0,-295355.0,-724.0,-670.0,7.0
26,2022-07-13,10017.0,128.0,4642.0,-731.0,9993.0,-704.0,-9858.0,-28.0,-10063.0,-1719.0,10016.0,199.0,4646.0,-750.0,9998.0,-748.0,-148644.0,4791.0,-668.0,93.0,10017.0,86.0,4644.0,-671.0,9996.0,-684.0,-9985.0,-21.0,-10058.0,-292.0,10017.0,224.0,4641.0,-701.0,10000.0,-777.0,-9927.0,-540.0,-10131.0,-1278.0,10016.0,96.0,4638.0,-790.0,9980.0,-801.0,-10020.0,-688.0,-10055.0,1053.0,20014.0,227.0,4640.0,-791.0,4573.0,-892.0,-149023.0,10550.0,-670.0,88.0,10011.0,149.0,4640.0,-827.0,9988.0,-916.0,-9965.0,-555.0,-10045.0,-265.0,10015.0,145.0,4624.0,-765.0,9991.0,-883.0,-9899.0,-698.0,10005.0,-389.0,-41592.0,641252.0,2752.0,-497.0,1886.0,-558.0,-295848.0,391.0,654.0,54.0,-41606.0,641492.0,2754.0,-443.0,1886.0,-538.0,-295898.0,-121.0,663.0,-74.0,-41594.0,641372.0,2754.0,-481.0,1886.0,-516.0,-296107.0,661.0,655.0,-4.0,-41601.0,641500.0,2754.0,-496.0,1887.0,-451.0,-296963.0,485.0,654.0,6.0,21964.0,179.0,2608.0,-545.0,2593.0,-497.0,-296573.0,-798.0,-674.0,19.0,-232975.0,-5523.0,431.0,1095.0,434.0,140.0,-11978.0,4543.0,9651.0,11311.0,-21479.0,-266.0,2605.0,-462.0,2591.0,-395.0,-297392.0,1893.0,666.0,-75.0,43850.0,464.0,1819.0,-569.0,1808.0,-548.0,-296184.0,723.0,-669.0,-35.0,-41581.0,640940.0,2756.0,-528.0,3047.0,-592.0,-295153.0,-1972.0,661.0,-24.0,-41569.0,640629.0,2756.0,-543.0,3047.0,-586.0,-295776.0,-291.0,661.0,-35.0,-41572.0,640885.0,2756.0,-569.0,3047.0,-586.0,-295441.0,-369.0,659.0,36.0,-41594.0,641126.0,2755.0,-581.0,3047.0,-611.0,-294543.0,-491.0,665.0,27.0,55708.0,621.0,1480.0,-674.0,1480.0,-688.0,-294125.0,610.0,-671.0,-34.0,-43046.0,-675.0,2555.0,-547.0,2554.0,-643.0,-294517.0,-881.0,655.0,-1.0,-43059.0,-627.0,2555.0,-536.0,2554.0,-617.0,-295560.0,-2359.0,661.0,5.0,55725.0,586.0,1480.0,-711.0,1480.0,-732.0,-296455.0,183.0,-670.0,8.0
26,2022-07-05,10017.0,124.0,4643.0,-733.0,9995.0,-718.0,-10036.0,-634.0,-10063.0,-1721.0,10017.0,195.0,4643.0,-726.0,9998.0,-744.0,-150370.0,3995.0,-668.0,93.0,10017.0,82.0,4637.0,-596.0,9996.0,-683.0,-10004.0,370.0,-10058.0,-291.0,10017.0,218.0,4641.0,-691.0,9997.0,-732.0,-9923.0,-518.0,-10132.0,-1278.0,10016.0,89.0,4638.0,-786.0,9986.0,-844.0,-10017.0,-649.0,-10056.0,1055.0,20012.0,227.0,4641.0,-857.0,4573.0,-838.0,-149563.0,10087.0,-670.0,89.0,10011.0,147.0,4639.0,-813.0,9986.0,-887.0,-10002.0,-801.0,-10046.0,-263.0,10015.0,141.0,4638.0,-871.0,9986.0,-804.0,-9901.0,-698.0,10005.0,-388.0,-41595.0,641232.0,2751.0,-515.0,1886.0,-550.0,-295459.0,171.0,654.0,54.0,-41609.0,641465.0,2753.0,-461.0,1886.0,-519.0,-296253.0,-111.0,663.0,-73.0,-41597.0,641348.0,2754.0,-449.0,1886.0,-497.0,-296274.0,705.0,655.0,-3.0,-41604.0,641477.0,2753.0,-506.0,1886.0,-458.0,-297115.0,164.0,654.0,6.0,21963.0,153.0,2607.0,-503.0,2593.0,-471.0,-296181.0,-109.0,-674.0,20.0,-233004.0,-5749.0,431.0,1127.0,434.0,138.0,-11973.0,4493.0,9651.0,11311.0,-21482.0,-293.0,2605.0,-413.0,2590.0,-404.0,-296563.0,2155.0,666.0,-75.0,43851.0,404.0,1819.0,-540.0,1808.0,-510.0,-296270.0,498.0,-669.0,-36.0,-41583.0,640914.0,2756.0,-539.0,3047.0,-565.0,-293988.0,-1615.0,661.0,-24.0,-41572.0,640600.0,2756.0,-532.0,3047.0,-576.0,-295598.0,-724.0,661.0,-35.0,-41574.0,640859.0,2756.0,-567.0,3047.0,-554.0,-295124.0,217.0,659.0,36.0,-41596.0,641102.0,2756.0,-571.0,3047.0,-577.0,-294964.0,-172.0,665.0,27.0,55711.0,541.0,1481.0,-671.0,1480.0,-732.0,-294487.0,444.0,-672.0,-34.0,-43049.0,-727.0,2554.0,-540.0,2554.0,-661.0,-296488.0,-1225.0,655.0,-1.0,-43062.0,-681.0,2554.0,-566.0,2554.0,-595.0,-294394.0,-2755.0,661.0,5.0,55727.0,509.0,1480.0,-706.0,1480.0,-752.0,-295435.0,-35.0,-670.0,8.0
26,2022-07-06,10016.0,132.0,4642.0,-732.0,9997.0,-733.0,-9846.0,-258.0,-10063.0,-1719.0,10016.0,203.0,4642.0,-720.0,9997.0,-741.0,-151603.0,3000.0,-668.0,93.0,10017.0,87.0,4641.0,-619.0,10000.0,-716.0,-9965.0,426.0,-10058.0,-293.0,10017.0,227.0,4646.0,-722.0,9996.0,-768.0,-9927.0,-553.0,-10131.0,-1279.0,10016.0,98.0,4633.0,-743.0,9985.0,-852.0,-10020.0,-675.0,-10056.0,1050.0,20014.0,228.0,4641.0,-835.0,4572.0,-832.0,-151337.0,9915.0,-670.0,88.0,10011.0,151.0,4641.0,-831.0,9986.0,-875.0,-10053.0,-839.0,-10046.0,-263.0,10015.0,147.0,4638.0,-950.0,9984.0,-818.0,-9896.0,-708.0,10005.0,-389.0,-41592.0,641246.0,2752.0,-507.0,1887.0,-529.0,-296183.0,511.0,654.0,54.0,-41606.0,641483.0,2753.0,-475.0,1886.0,-527.0,-296126.0,-59.0,663.0,-73.0,-41595.0,641373.0,2754.0,-469.0,1886.0,-505.0,-296194.0,564.0,655.0,-3.0,-41601.0,641493.0,2753.0,-525.0,1887.0,-462.0,-296576.0,230.0,654.0,6.0,21963.0,176.0,2607.0,-492.0,2593.0,-496.0,-296555.0,-280.0,-675.0,20.0,-232980.0,-5519.0,431.0,1110.0,434.0,102.0,-11978.0,4457.0,9649.0,11316.0,-21479.0,-269.0,2606.0,-427.0,2591.0,-374.0,-297409.0,1877.0,666.0,-75.0,43850.0,456.0,1819.0,-565.0,1808.0,-557.0,-297176.0,450.0,-669.0,-35.0,-41581.0,640933.0,2757.0,-500.0,3047.0,-587.0,-294555.0,-1674.0,661.0,-23.0,-41570.0,640619.0,2756.0,-548.0,3047.0,-590.0,-294973.0,-228.0,661.0,-35.0,-41572.0,640874.0,2756.0,-560.0,3047.0,-588.0,-294608.0,-263.0,659.0,36.0,-41594.0,641119.0,2756.0,-611.0,3047.0,-603.0,-294595.0,-435.0,665.0,27.0,55709.0,588.0,1480.0,-626.0,1480.0,-769.0,-293861.0,701.0,-672.0,-34.0,-43046.0,-681.0,2556.0,-472.0,2554.0,-648.0,-295714.0,-980.0,655.0,-1.0,-43059.0,-639.0,2555.0,-509.0,2554.0,-654.0,-295532.0,-1847.0,661.0,5.0,55726.0,557.0,1480.0,-698.0,1480.0,-748.0,-294720.0,-846.0,-670.0,8.0
26,2022-07-06,10017.0,127.0,4643.0,-743.0,9999.0,-745.0,-9885.0,-450.0,-10063.0,-1720.0,10016.0,200.0,4645.0,-744.0,9996.0,-728.0,-149132.0,4426.0,-668.0,93.0,10017.0,86.0,4643.0,-649.0,9993.0,-642.0,-9912.0,760.0,-10058.0,-293.0,10017.0,223.0,4644.0,-726.0,9995.0,-731.0,-9932.0,-563.0,-10131.0,-1279.0,10016.0,96.0,4636.0,-773.0,9985.0,-837.0,-10020.0,-680.0,-10056.0,1051.0,20013.0,234.0,4640.0,-829.0,4572.0,-860.0,-150657.0,10033.0,-670.0,88.0,10011.0,150.0,4643.0,-852.0,9987.0,-859.0,-9893.0,-256.0,-10046.0,-263.0,10015.0,145.0,4648.0,-1056.0,9983.0,-800.0,-9904.0,-656.0,10005.0,-391.0,-41593.0,641244.0,2752.0,-482.0,1886.0,-520.0,-296304.0,375.0,654.0,54.0,-41607.0,641476.0,2753.0,-476.0,1886.0,-531.0,-296598.0,-121.0,663.0,-73.0,-41595.0,641364.0,2754.0,-459.0,1887.0,-510.0,-296384.0,1043.0,655.0,-3.0,-41602.0,641484.0,2753.0,-515.0,1886.0,-457.0,-296385.0,140.0,654.0,6.0,21963.0,171.0,2607.0,-475.0,2594.0,-535.0,-296486.0,-491.0,-674.0,19.0,-232983.0,-5560.0,431.0,1163.0,434.0,94.0,-11971.0,4490.0,9650.0,11317.0,-21480.0,-271.0,2605.0,-457.0,2591.0,-368.0,-297483.0,1936.0,666.0,-75.0,43850.0,450.0,1819.0,-565.0,1808.0,-525.0,-296304.0,303.0,-669.0,-36.0,-41581.0,640934.0,2756.0,-561.0,3047.0,-554.0,-294315.0,-1754.0,661.0,-24.0,-41570.0,640616.0,2756.0,-520.0,3047.0,-571.0,-295352.0,-349.0,661.0,-35.0,-41573.0,640876.0,2755.0,-609.0,3047.0,-573.0,-294373.0,-363.0,659.0,36.0,-41594.0,641120.0,2756.0,-587.0,3047.0,-591.0,-295367.0,-138.0,665.0,27.0,55709.0,588.0,1480.0,-650.0,1480.0,-714.0,-294295.0,613.0,-672.0,-34.0,-43047.0,-686.0,2555.0,-535.0,2554.0,-615.0,-295758.0,-702.0,655.0,-1.0,-43060.0,-641.0,2555.0,-571.0,2555.0,-575.0,-294213.0,-2635.0,661.0,5.0,55725.0,570.0,1481.0,-769.0,1480.0,-778.0,-294956.0,-27.0,-670.0,8.0
26,2022-07-06,10017.0,128.0,4644.0,-752.0,9996.0,-717.0,-9901.0,-445.0,-10064.0,-1717.0,10017.0,200.0,4643.0,-711.0,9998.0,-759.0,-148050.0,5374.0,-668.0,93.0,10017.0,87.0,4645.0,-674.0,9995.0,-671.0,-10003.0,73.0,-10058.0,-292.0,10017.0,223.0,4646.0,-747.0,9995.0,-739.0,-9920.0,-486.0,-10131.0,-1279.0,10016.0,96.0,4635.0,-738.0,9989.0,-868.0,-10017.0,-664.0,-10055.0,1054.0,20013.0,228.0,4641.0,-835.0,4572.0,-826.0,-149935.0,10364.0,-670.0,89.0,10011.0,149.0,4639.0,-802.0,9986.0,-884.0,-9957.0,16.0,-10046.0,-266.0,10015.0,145.0,4642.0,-1001.0,9981.0,-797.0,-9898.0,-696.0,10005.0,-389.0,-41593.0,641246.0,2752.0,-473.0,1886.0,-552.0,-295960.0,212.0,654.0,54.0,-41607.0,641483.0,2753.0,-483.0,1886.0,-529.0,-295800.0,-326.0,663.0,-73.0,-41596.0,641370.0,2754.0,-452.0,1886.0,-513.0,-296758.0,601.0,655.0,-3.0,-41602.0,641497.0,2754.0,-493.0,1886.0,-458.0,-296920.0,308.0,654.0,6.0,21964.0,173.0,2607.0,-500.0,2594.0,-518.0,-295222.0,-497.0,-674.0,19.0,-232980.0,-5567.0,431.0,1080.0,434.0,135.0,-11977.0,4506.0,9651.0,11323.0,-21480.0,-271.0,2605.0,-466.0,2591.0,-389.0,-297799.0,1898.0,666.0,-75.0,43850.0,451.0,1819.0,-569.0,1808.0,-556.0,-296117.0,-1.0,-669.0,-36.0,-41581.0,640936.0,2756.0,-520.0,3047.0,-588.0,-295051.0,-1894.0,661.0,-23.0,-41570.0,640623.0,2756.0,-524.0,3047.0,-599.0,-294829.0,-687.0,661.0,-35.0,-41572.0,640881.0,2756.0,-571.0,3047.0,-595.0,-295869.0,-446.0,659.0,36.0,-41594.0,641122.0,2756.0,-571.0,3047.0,-590.0,-294032.0,-527.0,665.0,27.0,55710.0,594.0,1481.0,-679.0,1480.0,-701.0,-295349.0,785.0,-672.0,-34.0,-43047.0,-682.0,2555.0,-509.0,2555.0,-570.0,-296293.0,-796.0,655.0,-1.0,-43060.0,-639.0,2555.0,-538.0,2554.0,-678.0,-295586.0,-2518.0,661.0,5.0,55725.0,576.0,1480.0,-716.0,1480.0,-762.0,-294841.0,-109.0,-670.0,7.0
26,2022-07-02,10015.0,148.0,4645.0,-773.0,9996.0,-738.0,-9889.0,-227.0,-10061.0,-1732.0,10015.0,218.0,4644.0,-744.0,9996.0,-746.0,-150713.0,4026.0,-668.0,93.0,10016.0,104.0,4644.0,-662.0,9996.0,-700.0,-9986.0,128.0,-10055.0,-302.0,10015.0,245.0,4648.0,-753.0,9995.0,-752.0,-9929.0,-555.0,-10129.0,-1287.0,10015.0,115.0,4635.0,-763.0,9986.0,-843.0,-10018.0,-683.0,-10056.0,1041.0,20017.0,238.0,4639.0,-823.0,4571.0,-841.0,-151713.0,9293.0,-670.0,89.0,10011.0,161.0,4638.0,-826.0,9986.0,-900.0,-9996.0,-416.0,-10042.0,-271.0,10014.0,166.0,4651.0,-1050.0,9987.0,-840.0,-9906.0,-644.0,10003.0,-391.0,-41584.0,641251.0,2752.0,-551.0,1886.0,-597.0,-295956.0,270.0,654.0,54.0,-41598.0,641492.0,2754.0,-485.0,1887.0,-568.0,-296338.0,-123.0,663.0,-73.0,-41587.0,641378.0,2754.0,-488.0,1887.0,-530.0,-296505.0,621.0,655.0,-3.0,-41594.0,641505.0,2754.0,-582.0,1886.0,-519.0,-296945.0,184.0,654.0,6.0,21964.0,240.0,2608.0,-575.0,2593.0,-527.0,-297082.0,-430.0,-674.0,19.0,-232901.0,-4984.0,431.0,1073.0,434.0,51.0,-11986.0,4525.0,9648.0,11282.0,-21473.0,-211.0,2605.0,-478.0,2591.0,-435.0,-296554.0,1869.0,666.0,-75.0,43845.0,577.0,1819.0,-583.0,1809.0,-636.0,-295892.0,436.0,-669.0,-35.0,-41573.0,640943.0,2757.0,-556.0,3047.0,-637.0,-294175.0,-1856.0,661.0,-23.0,-41562.0,640627.0,2756.0,-567.0,3047.0,-607.0,-296144.0,-1183.0,661.0,-34.0,-41564.0,640886.0,2756.0,-622.0,3047.0,-618.0,-295466.0,-763.0,659.0,36.0,-41586.0,641124.0,2756.0,-611.0,3047.0,-646.0,-294728.0,-727.0,665.0,27.0,55697.0,818.0,1481.0,-685.0,1480.0,-735.0,-294622.0,758.0,-671.0,-34.0,-43037.0,-572.0,2555.0,-568.0,2555.0,-659.0,-295246.0,-819.0,655.0,-1.0,-43050.0,-527.0,2555.0,-538.0,2555.0,-657.0,-294404.0,-2260.0,661.0,5.0,55714.0,782.0,1481.0,-749.0,1480.0,-753.0,-294672.0,537.0,-670.0,6.0
26,2022-07-15,10016.0,147.0,4646.0,-782.0,9997.0,-750.0,-9969.0,-700.0,-10061.0,-1724.0,10016.0,221.0,4644.0,-752.0,9996.0,-723.0,-149472.0,4163.0,-668.0,93.0,10016.0,108.0,4643.0,-650.0,9996.0,-687.0,-9971.0,-18.0,-10054.0,-300.0,10016.0,250.0,4642.0,-708.0,9997.0,-768.0,-9929.0,-523.0,-10126.0,-1287.0,10015.0,123.0,4642.0,-833.0,9988.0,-891.0,-10022.0,-681.0,-10056.0,1042.0,20019.0,245.0,4639.0,-826.0,4572.0,-901.0,-150216.0,9851.0,-670.0,89.0,10011.0,163.0,4639.0,-835.0,9983.0,-884.0,-9960.0,-561.0,-10042.0,-271.0,10014.0,171.0,4636.0,-917.0,9988.0,-845.0,-9900.0,-713.0,10003.0,-395.0,-41584.0,641290.0,2753.0,-533.0,1886.0,-588.0,-295867.0,282.0,654.0,54.0,-41597.0,641525.0,2754.0,-528.0,1887.0,-546.0,-296345.0,-271.0,663.0,-73.0,-41586.0,641411.0,2754.0,-521.0,1887.0,-527.0,-296390.0,778.0,655.0,-3.0,-41593.0,641532.0,2754.0,-572.0,1887.0,-507.0,-297150.0,322.0,654.0,6.0,21965.0,258.0,2607.0,-513.0,2593.0,-516.0,-297144.0,-1001.0,-674.0,20.0,-232889.0,-4762.0,431.0,1073.0,434.0,72.0,-11986.0,4419.0,9648.0,11309.0,-21471.0,-186.0,2606.0,-495.0,2591.0,-463.0,-296965.0,2147.0,666.0,-75.0,43846.0,621.0,1819.0,-621.0,1808.0,-589.0,-296268.0,-25.0,-669.0,-35.0,-41572.0,640973.0,2757.0,-557.0,3048.0,-636.0,-294986.0,-1720.0,661.0,-23.0,-41561.0,640664.0,2757.0,-566.0,3048.0,-633.0,-295027.0,-907.0,661.0,-34.0,-41563.0,640923.0,2756.0,-642.0,3048.0,-654.0,-294739.0,-192.0,659.0,36.0,-41586.0,641169.0,2756.0,-656.0,3048.0,-643.0,-295231.0,-557.0,665.0,27.0,55700.0,820.0,1480.0,-651.0,1480.0,-759.0,-295151.0,596.0,-672.0,-34.0,-43036.0,-531.0,2556.0,-556.0,2555.0,-709.0,-294732.0,-781.0,655.0,-1.0,-43049.0,-482.0,2556.0,-561.0,2555.0,-637.0,-295674.0,-2207.0,661.0,5.0,55717.0,781.0,1481.0,-776.0,1480.0,-790.0,-293897.0,-300.0,-670.0,7.0
26,2022-07-04,10016.0,127.0,4641.0,-726.0,9996.0,-718.0,-9847.0,-202.0,-10064.0,-1717.0,10016.0,200.0,4643.0,-729.0,9999.0,-745.0,-150201.0,3834.0,-668.0,93.0,10017.0,85.0,4643.0,-650.0,9995.0,-672.0,-9984.0,62.0,-10057.0,-294.0,10017.0,221.0,4643.0,-709.0,9995.0,-751.0,-9933.0,-620.0,-10131.0,-1280.0,10016.0,94.0,4636.0,-775.0,9986.0,-849.0,-10023.0,-719.0,-10057.0,1051.0,20012.0,235.0,4641.0,-838.0,4573.0,-864.0,-150719.0,10268.0,-670.0,89.0,10011.0,150.0,4643.0,-853.0,9986.0,-875.0,-10000.0,-1006.0,-10046.0,-266.0,10015.0,142.0,4649.0,-1073.0,9983.0,-785.0,-9894.0,-714.0,10005.0,-388.0,-41594.0,641233.0,2752.0,-469.0,1886.0,-545.0,-296044.0,334.0,654.0,54.0,-41608.0,641464.0,2753.0,-446.0,1886.0,-535.0,-295972.0,-44.0,663.0,-73.0,-41596.0,641349.0,2754.0,-452.0,1887.0,-467.0,-296244.0,538.0,655.0,-3.0,-41603.0,641469.0,2753.0,-506.0,1887.0,-450.0,-296763.0,370.0,654.0,6.0,21963.0,157.0,2608.0,-514.0,2593.0,-446.0,-295464.0,-688.0,-674.0,19.0,-232999.0,-5677.0,431.0,1077.0,434.0,147.0,-11979.0,4456.0,9650.0,11305.0,-21481.0,-293.0,2605.0,-456.0,2590.0,-397.0,-297235.0,1769.0,666.0,-75.0,43850.0,414.0,1819.0,-570.0,1808.0,-557.0,-296344.0,281.0,-669.0,-35.0,-41582.0,640913.0,2757.0,-503.0,3047.0,-566.0,-294885.0,-1817.0,661.0,-24.0,-41571.0,640603.0,2756.0,-544.0,3047.0,-552.0,-294409.0,-292.0,661.0,-35.0,-41574.0,640863.0,2755.0,-551.0,3047.0,-571.0,-294194.0,-348.0,659.0,36.0,-41596.0,641102.0,2756.0,-578.0,3047.0,-597.0,-294405.0,-422.0,665.0,27.0,55710.0,552.0,1480.0,-643.0,1480.0,-710.0,-294794.0,547.0,-672.0,-34.0,-43048.0,-719.0,2555.0,-472.0,2554.0,-636.0,-296092.0,-442.0,655.0,-1.0,-43061.0,-667.0,2555.0,-516.0,2554.0,-631.0,-295014.0,-2271.0,661.0,5.0,55727.0,523.0,1481.0,-741.0,1480.0,-748.0,-295355.0,-724.0,-670.0,7.0
26,2022-07-05,10017.0,124.0,4643.0,-733.0,9995.0,-718.0,-10036.0,-634.0,-10063.0,-1721.0,10017.0,195.0,4643.0,-726.0,9998.0,-744.0,-150370.0,3995.0,-668.0,93.0,10017.0,82.0,4637.0,-596.0,9996.0,-683.0,-10004.0,370.0,-10058.0,-291.0,10017.0,218.0,4641.0,-691.0,9997.0,-732.0,-9923.0,-518.0,-10132.0,-1278.0,10016.0,89.0,4638.0,-786.0,9986.0,-844.0,-10017.0,-649.0,-10056.0,1055.0,20012.0,227.0,4641.0,-857.0,4573.0,-838.0,-149563.0,10087.0,-670.0,89.0,10011.0,147.0,4639.0,-813.0,9986.0,-887.0,-10002.0,-801.0,-10046.0,-263.0,10015.0,141.0,4638.0,-871.0,9986.0,-804.0,-9901.0,-698.0,10005.0,-388.0,-41595.0,641232.0,2751.0,-515.0,1886.0,-550.0,-295459.0,171.0,654.0,54.0,-41609.0,641465.0,2753.0,-461.0,1886.0,-519.0,-296253.0,-111.0,663.0,-73.0,-41597.0,641348.0,2754.0,-449.0,1886.0,-497.0,-296274.0,705.0,655.0,-3.0,-41604.0,641477.0,2753.0,-506.0,1886.0,-458.0,-297115.0,164.0,654.0,6.0,21963.0,153.0,2607.0,-503.0,2593.0,-471.0,-296181.0,-109.0,-674.0,20.0,-233004.0,-5749.0,431.0,1127.0,434.0,138.0,-11973.0,4493.0,9651.0,11311.0,-21482.0,-293.0,2605.0,-413.0,2590.0,-404.0,-296563.0,2155.0,666.0,-75.0,43851.0,404.0,1819.0,-540.0,1808.0,-510.0,-296270.0,498.0,-669.0,-36.0,-41583.0,640914.0,2756.0,-539.0,3047.0,-565.0,-293988.0,-1615.0,661.0,-24.0,-41572.0,640600.0,2756.0,-532.0,3047.0,-576.0,-295598.0,-724.0,661.0,-35.0,-41574.0,640859.0,2756.0,-567.0,3047.0,-554.0,-295124.0,217.0,659.0,36.0,-41596.0,641102.0,2756.0,-571.0,3047.0,-577.0,-294964.0,-172.0,665.0,27.0,55711.0,541.0,1481.0,-671.0,1480.0,-732.0,-294487.0,444.0,-672.0,-34.0,-43049.0,-727.0,2554.0,-540.0,2554.0,-661.0,-296488.0,-1225.0,655.0,-1.0,-43062.0,-681.0,2554.0,-566.0,2554.0,-595.0,-294394.0,-2755.0,661.0,5.0,55727.0,509.0,1480.0,-706.0,1480.0,-752.0,-295435.0,-35.0,-670.0,8.0
26,2022-07-06,10016.0,132.0,4642.0,-732.0,9997.0,-733.0,-9846.0,-258.0,-10063.0,-1719.0,10016.0,203.0,4642.0,-720.0,9997.0,-741.0,-151603.0,3000.0,-668.0,93.0,10017.0,87.0,4641.0,-619.0,10000.0,-716.0,-9965.0,426.0,-10058.0,-293.0,10017.0,227.0,4646.0,-722.0,9996.0,-768.0,-9927.0,-553.0,-10131.0,-1279.0,10016.0,98.0,4633.0,-743.0,9985.0,-852.0,-10020.0,-675.0,-10056.0,1050.0,20014.0,228.0,4641.0,-835.0,4572.0,-832.0,-151337.0,9915.0,-670.0,88.0,10011.0,151.0,4641.0,-831.0,9986.0,-875.0,-10053.0,-839.0,-10046.0,-263.0,10015.0,147.0,4638.0,-950.0,9984.0,-818.0,-9896.0,-708.0,10005.0,-389.0,-41592.0,641246.0,2752.0,-507.0,1887.0,-529.0,-296183.0,511.0,654.0,54.0,-41606.0,641483.0,2753.0,-475.0,1886.0,-527.0,-296126.0,-59.0,663.0,-73.0,-41595.0,641373.0,2754.0,-469.0,1886.0,-505.0,-296194.0,564.0,655.0,-3.0,-41601.0,641493.0,2753.0,-525.0,1887.0,-462.0,-296576.0,230.0,654.0,6.0,21963.0,176.0,2607.0,-492.0,2593.0,-496.0,-296555.0,-280.0,-675.0,20.0,-232980.0,-5519.0,431.0,1110.0,434.0,102.0,-11978.0,4457.0,9649.0,11316.0,-21479.0,-269.0,2606.0,-427.0,2591.0,-374.0,-297409.0,1877.0,666.0,-75.0,43850.0,456.0,1819.0,-565.0,1808.0,-557.0,-297176.0,450.0,-669.0,-35.0,-41581.0,640933.0,2757.0,-500.0,3047.0,-587.0,-294555.0,-1674.0,661.0,-23.0,-41570.0,640619.0,2756.0,-548.0,3047.0,-590.0,-294973.0,-228.0,661.0,-35.0,-41572.0,640874.0,2756.0,-560.0,3047.0,-588.0,-294608.0,-263.0,659.0,36.0,-41594.0,641119.0,2756.0,-611.0,3047.0,-603.0,-294595.0,-435.0,665.0,27.0,55709.0,588.0,1480.0,-626.0,1480.0,-769.0,-293861.0,701.0,-672.0,-34.0,-43046.0,-681.0,2556.0,-472.0,2554.0,-648.0,-295714.0,-980.0,655.0,-1.0,-43059.0,-639.0,2555.0,-509.0,2554.0,-654.0,-295532.0,-1847.0,661.0,5.0,55726.0,557.0,1480.0,-698.0,1480.0,-748.0,-294720.0,-846.0,-670.0,8.0
26,2022-07-04,10017.0,127.0,4642.0,-737.0,9997.0,-717.0,-9965.0,-417.0,-10064.0,-1719.0,10017.0,197.0,4642.0,-726.0,9995.0,-715.0,-149480.0,4289.0,-668.0,93.0,10017.0,85.0,4645.0,-674.0,9997.0,-696.0,-9991.0,28.0,-10058.0,-292.0,10017.0,218.0,4641.0,-692.0,9995.0,-740.0,-9928.0,-562.0,-10132.0,-1279.0,10016.0,93.0,4639.0,-776.0,9983.0,-807.0,-10014.0,-655.0,-10057.0,1049.0,20012.0,234.0,4642.0,-857.0,4572.0,-799.0,-150726.0,10127.0,-670.0,88.0,10011.0,149.0,4641.0,-816.0,9983.0,-858.0,-9984.0,-686.0,-10047.0,-265.0,10015.0,143.0,4643.0,-948.0,9981.0,-757.0,-9896.0,-697.0,10006.0,-387.0,-41594.0,641240.0,2752.0,-483.0,1886.0,-541.0,-295732.0,435.0,654.0,54.0,-41608.0,641472.0,2753.0,-454.0,1886.0,-516.0,-296093.0,-53.0,663.0,-73.0,-41596.0,641354.0,2754.0,-459.0,1886.0,-504.0,-296740.0,632.0,655.0,-4.0,-41603.0,641482.0,2753.0,-542.0,1886.0,-450.0,-296436.0,300.0,654.0,6.0,21963.0,160.0,2607.0,-472.0,2593.0,-499.0,-296239.0,-709.0,-674.0,19.0,-232997.0,-5715.0,431.0,1118.0,434.0,142.0,-11977.0,4400.0,9655.0,11270.0,-21481.0,-287.0,2604.0,-507.0,2591.0,-395.0,-296614.0,1759.0,666.0,-74.0,43850.0,432.0,1819.0,-546.0,1808.0,-555.0,-296371.0,65.0,-670.0,-35.0,-41583.0,640927.0,2756.0,-517.0,3047.0,-578.0,-295206.0,-2086.0,661.0,-24.0,-41571.0,640615.0,2756.0,-542.0,3047.0,-585.0,-295114.0,-929.0,661.0,-35.0,-41574.0,640870.0,2756.0,-513.0,3047.0,-576.0,-295163.0,-328.0,659.0,36.0,-41596.0,641113.0,2755.0,-570.0,3047.0,-582.0,-295562.0,-815.0,665.0,27.0,55710.0,560.0,1480.0,-627.0,1480.0,-726.0,-295640.0,251.0,-672.0,-34.0,-43048.0,-706.0,2555.0,-513.0,2554.0,-642.0,-297098.0,-313.0,655.0,-1.0,-43061.0,-661.0,2555.0,-482.0,2554.0,-632.0,-295430.0,-2389.0,661.0,5.0,55727.0,531.0,1480.0,-685.0,1480.0,-756.0,-294146.0,689.0,-670.0,7.0
26,2022-07-06,10017.0,128.0,4644.0,-752.0,9996.0,-717.0,-9901.0,-445.0,-10064.0,-1717.0,10017.0,200.0,4643.0,-711.0,9998.0,-759.0,-148050.0,5374.0,-668.0,93.0,10017.0,87.0,4645.0,-674.0,9995.0,-671.0,-10003.0,73.0,-10058.0,-292.0,10017.0,223.0,4646.0,-747.0,9995.0,-739.0,-9920.0,-486.0,-10131.0,-1279.0,10016.0,96.0,4635.0,-738.0,9989.0,-868.0,-10017.0,-664.0,-10055.0,1054.0,20013.0,228.0,4641.0,-835.0,4572.0,-826.0,-149935.0,10364.0,-670.0,89.0,10011.0,149.0,4639.0,-802.0,9986.0,-884.0,-9957.0,16.0,-10046.0,-266.0,10015.0,145.0,4642.0,-1001.0,9981.0,-797.0,-9898.0,-696.0,10005.0,-389.0,-41593.0,641246.0,2752.0,-473.0,1886.0,-552.0,-295960.0,212.0,654.0,54.0,-41607.0,641483.0,2753.0,-483.0,1886.0,-529.0,-295800.0,-326.0,663.0,-73.0,-41596.0,641370.0,2754.0,-452.0,1886.0,-513.0,-296758.0,601.0,655.0,-3.0,-41602.0,641497.0,2754.0,-493.0,1886.0,-458.0,-296920.0,308.0,654.0,6.0,21964.0,173.0,2607.0,-500.0,2594.0,-518.0,-295222.0,-497.0,-674.0,19.0,-232980.0,-5567.0,431.0,1080.0,434.0,135.0,-11977.0,4506.0,9651.0,11323.0,-21480.0,-271.0,2605.0,-466.0,2591.0,-389.0,-297799.0,1898.0,666.0,-75.0,43850.0,451.0,1819.0,-569.0,1808.0,-556.0,-296117.0,-1.0,-669.0,-36.0,-41581.0,640936.0,2756.0,-520.0,3047.0,-588.0,-295051.0,-1894.0,661.0,-23.0,-41570.0,640623.0,2756.0,-524.0,3047.0,-599.0,-294829.0,-687.0,661.0,-35.0,-41572.0,640881.0,2756.0,-571.0,3047.0,-595.0,-295869.0,-446.0,659.0,36.0,-41594.0,641122.0,2756.0,-571.0,3047.0,-590.0,-294032.0,-527.0,665.0,27.0,55710.0,594.0,1481.0,-679.0,1480.0,-701.0,-295349.0,785.0,-672.0,-34.0,-43047.0,-682.0,2555.0,-509.0,2555.0,-570.0,-296293.0,-796.0,655.0,-1.0,-43060.0,-639.0,2555.0,-538.0,2554.0,-678.0,-295586.0,-2518.0,661.0,5.0,55725.0,576.0,1480.0,-716.0,1480.0,-762.0,-294841.0,-109.0,-670.0,7.0
26,2022-07-02,10016.0,144.0,4642.0,-730.0,9997.0,-743.0,-9876.0,-67.0,-10061.0,-1732.0,10015.0,218.0,4642.0,-703.0,9996.0,-739.0,-150601.0,3739.0,-668.0,93.0,10016.0,103.0,4641.0,-635.0,9992.0,-653.0,-9970.0,165.0,-10055.0,-301.0,10016.0,244.0,4644.0,-729.0,9994.0,-744.0,-9932.0,-536.0,-10128.0,-1288.0,10015.0,114.0,4640.0,-805.0,9984.0,-852.0,-10021.0,-664.0,-10055.0,1046.0,20017.0,237.0,4640.0,-835.0,4571.0,-833.0,-151144.0,9703.0,-670.0,89.0,10011.0,161.0,4639.0,-842.0,9986.0,-885.0,-10079.0,-1501.0,-10043.0,-270.0,10014.0,166.0,4656.0,-1123.0,9981.0,-805.0,-9900.0,-696.0,10003.0,-393.0,-41585.0,641270.0,2753.0,-546.0,1886.0,-577.0,-296029.0,409.0,654.0,55.0,-41599.0,641499.0,2754.0,-505.0,1887.0,-557.0,-296386.0,-218.0,663.0,-73.0,-41587.0,641387.0,2754.0,-489.0,1887.0,-524.0,-296538.0,583.0,655.0,-3.0,-41594.0,641509.0,2754.0,-575.0,1886.0,-510.0,-296780.0,166.0,654.0,6.0,21964.0,237.0,2607.0,-539.0,2593.0,-488.0,-296909.0,267.0,-674.0,20.0,-232903.0,-4948.0,431.0,1098.0,434.0,57.0,-11983.0,4542.0,9649.0,11280.0,-21473.0,-210.0,2606.0,-466.0,2592.0,-395.0,-297565.0,2249.0,666.0,-75.0,43845.0,576.0,1819.0,-600.0,1808.0,-548.0,-295566.0,-8.0,-669.0,-35.0,-41573.0,640946.0,2757.0,-566.0,3047.0,-626.0,-295823.0,-2076.0,661.0,-23.0,-41562.0,640635.0,2757.0,-558.0,3048.0,-606.0,-294477.0,-421.0,661.0,-34.0,-41564.0,640893.0,2756.0,-596.0,3047.0,-606.0,-295831.0,-495.0,659.0,36.0,-41586.0,641132.0,2756.0,-639.0,3047.0,-657.0,-295213.0,-832.0,665.0,27.0,55697.0,823.0,1480.0,-646.0,1480.0,-697.0,-294763.0,1220.0,-671.0,-34.0,-43038.0,-572.0,2555.0,-594.0,2554.0,-693.0,-295647.0,-368.0,655.0,-1.0,-43050.0,-524.0,2556.0,-530.0,2554.0,-680.0,-293487.0,-2281.0,661.0,5.0,55714.0,782.0,1481.0,-787.0,1480.0,-823.0,-296007.0,390.0,-670.0,6.0
26,2022-07-05,10017.0,123.0,4640.0,-725.0,9997.0,-744.0,-9925.0,-668.0,-10063.0,-1721.0,10017.0,194.0,4642.0,-693.0,9997.0,-732.0,-150080.0,4399.0,-668.0,93.0,10017.0,82.0,4640.0,-613.0,9994.0,-663.0,-9993.0,-114.0,-10058.0,-292.0,10017.0,218.0,4637.0,-662.0,9992.0,-724.0,-9928.0,-544.0,-10131.0,-1279.0,10016.0,87.0,4637.0,-768.0,9985.0,-839.0,-10016.0,-682.0,-10056.0,1054.0,20011.0,232.0,4640.0,-789.0,4572.0,-823.0,-149918.0,10151.0,-670.0,88.0,10011.0,147.0,4638.0,-799.0,9987.0,-879.0,-9941.0,-458.0,-10046.0,-264.0,10015.0,140.0,4637.0,-880.0,9978.0,-748.0,-9899.0,-690.0,10006.0,-389.0,-41595.0,641230.0,2751.0,-486.0,1886.0,-543.0,-295915.0,241.0,654.0,54.0,-41608.0,641459.0,2753.0,-450.0,1886.0,-516.0,-296084.0,-46.0,663.0,-74.0,-41597.0,641345.0,2754.0,-434.0,1886.0,-507.0,-296449.0,588.0,655.0,-3.0,-41603.0,641469.0,2753.0,-484.0,1886.0,-458.0,-297084.0,211.0,654.0,6.0,21963.0,152.0,2607.0,-498.0,2594.0,-508.0,-296102.0,596.0,-674.0,19.0,-233006.0,-5696.0,431.0,1106.0,434.0,151.0,-11986.0,4531.0,9650.0,11321.0,-21481.0,-293.0,2605.0,-448.0,2590.0,-412.0,-297564.0,1717.0,666.0,-75.0,43850.0,409.0,1819.0,-573.0,1808.0,-518.0,-295407.0,516.0,-669.0,-36.0,-41583.0,640916.0,2756.0,-536.0,3047.0,-574.0,-294715.0,-1356.0,661.0,-23.0,-41572.0,640603.0,2756.0,-533.0,3047.0,-575.0,-294984.0,-457.0,661.0,-35.0,-41574.0,640862.0,2756.0,-547.0,3047.0,-583.0,-296245.0,-786.0,659.0,36.0,-41596.0,641105.0,2755.0,-577.0,3047.0,-592.0,-294671.0,-461.0,665.0,27.0,55710.0,545.0,1480.0,-647.0,1480.0,-726.0,-295466.0,755.0,-672.0,-34.0,-43049.0,-722.0,2555.0,-532.0,2554.0,-626.0,-294696.0,-794.0,655.0,-1.0,-43062.0,-679.0,2555.0,-488.0,2554.0,-620.0,-293492.0,-1686.0,661.0,5.0,55727.0,512.0,1481.0,-742.0,1480.0,-774.0,-296143.0,-194.0,-670.0,8.0
26,2022-07-03,10017.0,122.0,4643.0,-756.0,9996.0,-700.0,-9810.0,-135.0,-10063.0,-1722.0,10017.0,193.0,4645.0,-726.0,9997.0,-733.0,-150632.0,3854.0,-668.0,93.0,10017.0,82.0,4642.0,-624.0,9995.0,-662.0,-10027.0,8.0,-10057.0,-293.0,10017.0,214.0,4642.0,-706.0,9992.0,-715.0,-9927.0,-506.0,-10131.0,-1280.0,10016.0,82.0,4635.0,-759.0,9982.0,-804.0,-10014.0,-636.0,-10056.0,1055.0,20010.0,227.0,4641.0,-815.0,4573.0,-823.0,-149589.0,10241.0,-670.0,88.0,10011.0,144.0,4640.0,-801.0,9989.0,-873.0,-9999.0,-772.0,-10045.0,-264.0,10015.0,136.0,4635.0,-1033.0,9980.0,-763.0,-9895.0,-711.0,10005.0,-386.0,-41596.0,641214.0,2752.0,-492.0,1886.0,-520.0,-295974.0,383.0,654.0,54.0,-41610.0,641452.0,2753.0,-450.0,1886.0,-495.0,-296040.0,-147.0,664.0,-74.0,-41599.0,641339.0,2753.0,-443.0,1886.0,-511.0,-296715.0,557.0,655.0,-4.0,-41605.0,641460.0,2753.0,-505.0,1886.0,-452.0,-296440.0,257.0,654.0,6.0,21962.0,139.0,2608.0,-520.0,2593.0,-462.0,-296086.0,-229.0,-674.0,19.0,-233020.0,-5831.0,431.0,1149.0,434.0,131.0,-11978.0,4586.0,9652.0,11301.0,-21483.0,-308.0,2605.0,-435.0,2590.0,-394.0,-297152.0,1812.0,666.0,-75.0,43851.0,374.0,1819.0,-545.0,1808.0,-525.0,-296401.0,135.0,-669.0,-36.0,-41584.0,640900.0,2756.0,-489.0,3047.0,-562.0,-295284.0,-1884.0,661.0,-23.0,-41573.0,640584.0,2756.0,-476.0,3046.0,-535.0,-294248.0,-429.0,661.0,-35.0,-41576.0,640847.0,2756.0,-555.0,3047.0,-580.0,-295395.0,-548.0,659.0,36.0,-41597.0,641087.0,2755.0,-588.0,3047.0,-560.0,-295494.0,-281.0,665.0,27.0,55711.0,509.0,1480.0,-630.0,1479.0,-667.0,-294329.0,372.0,-672.0,-35.0,-43051.0,-753.0,2555.0,-502.0,2554.0,-604.0,-294705.0,-1022.0,655.0,-1.0,-43064.0,-707.0,2555.0,-513.0,2554.0,-609.0,-295069.0,-2843.0,661.0,5.0,55728.0,479.0,1481.0,-730.0,1480.0,-773.0,-295168.0,-179.0,-670.0,7.0
26,2022-07-03,10017.0,121.0,4643.0,-736.0,9993.0,-681.0,-9804.0,16.0,-10063.0,-1723.0,10016.0,195.0,4642.0,-717.0,9995.0,-723.0,-150895.0,3597.0,-668.0,93.0,10017.0,81.0,4641.0,-620.0,9994.0,-650.0,-10015.0,83.0,-10057.0,-294.0,10017.0,213.0,4642.0,-703.0,9998.0,-732.0,-9928.0,-524.0,-10130.0,-1281.0,10016.0,81.0,4638.0,-784.0,9986.0,-841.0,-10019.0,-677.0,-10056.0,1055.0,20010.0,226.0,4641.0,-822.0,4573.0,-814.0,-150445.0,10284.0,-670.0,88.0,10011.0,144.0,4642.0,-842.0,9984.0,-864.0,-9900.0,70.0,-10045.0,-265.0,10015.0,135.0,4639.0,-1011.0,9984.0,-800.0,-9896.0,-683.0,10005.0,-388.0,-41596.0,641205.0,2752.0,-463.0,1886.0,-536.0,-296074.0,340.0,654.0,54.0,-41610.0,641445.0,2753.0,-460.0,1886.0,-497.0,-296281.0,-212.0,663.0,-74.0,-41598.0,641333.0,2754.0,-434.0,1886.0,-489.0,-296498.0,559.0,655.0,-4.0,-41605.0,641457.0,2753.0,-502.0,1886.0,-438.0,-296798.0,110.0,654.0,6.0,21962.0,138.0,2608.0,-506.0,2593.0,-487.0,-295354.0,-158.0,-674.0,19.0,-233022.0,-5846.0,431.0,1150.0,434.0,143.0,-11984.0,4619.0,9651.0,11304.0,-21483.0,-315.0,2604.0,-450.0,2590.0,-414.0,-296703.0,2004.0,666.0,-75.0,43850.0,369.0,1819.0,-530.0,1808.0,-553.0,-296285.0,975.0,-669.0,-36.0,-41584.0,640895.0,2756.0,-522.0,3046.0,-549.0,-295663.0,-2040.0,661.0,-23.0,-41573.0,640581.0,2756.0,-480.0,3047.0,-545.0,-295426.0,-609.0,661.0,-35.0,-41576.0,640844.0,2756.0,-546.0,3047.0,-566.0,-295869.0,-575.0,659.0,36.0,-41597.0,641081.0,2755.0,-569.0,3047.0,-573.0,-294898.0,-522.0,665.0,27.0,55711.0,504.0,1480.0,-619.0,1480.0,-713.0,-294178.0,290.0,-671.0,-35.0,-43051.0,-758.0,2555.0,-501.0,2554.0,-657.0,-294888.0,-650.0,655.0,-1.0,-43064.0,-711.0,2555.0,-505.0,2554.0,-587.0,-294968.0,-2146.0,661.0,5.0,55728.0,472.0,1480.0,-679.0,1480.0,-732.0,-294755.0,397.0,-670.0,7.0
26,2022-05-19,10016.0,153.0,4643.0,-750.0,10001.0,-773.0,-10003.0,-241.0,-10060.0,-1745.0,10015.0,224.0,4643.0,-714.0,9996.0,-766.0,-149984.0,4443.0,-668.0,92.0,10016.0,110.0,4644.0,-684.0,9997.0,-681.0,-10084.0,-233.0,-10055.0,-308.0,10016.0,253.0,4643.0,-706.0,9997.0,-784.0,-9925.0,-482.0,-10127.0,-1301.0,10014.0,123.0,4639.0,-791.0,9989.0,-880.0,-10018.0,-603.0,-10056.0,1048.0,20019.0,248.0,4639.0,-835.0,4572.0,-867.0,-150364.0,10166.0,-670.0,88.0,10011.0,163.0,4640.0,-821.0,9988.0,-930.0,-9985.0,-680.0,-10042.0,-280.0,10014.0,174.0,4636.0,-917.0,9980.0,-797.0,-9897.0,-707.0,10002.0,-400.0,-41583.0,641287.0,2753.0,-560.0,1887.0,-584.0,-296143.0,72.0,654.0,54.0,-41596.0,641515.0,2754.0,-551.0,1887.0,-557.0,-296327.0,-99.0,663.0,-73.0,-41585.0,641406.0,2754.0,-543.0,1887.0,-528.0,-296443.0,439.0,655.0,-3.0,-41592.0,641533.0,2754.0,-576.0,1887.0,-504.0,-296903.0,107.0,654.0,6.0,21965.0,262.0,2608.0,-583.0,2593.0,-503.0,-296425.0,-1180.0,-674.0,19.0,-232877.0,-4757.0,431.0,1048.0,434.0,104.0,-11989.0,4590.0,9647.0,11273.0,-21470.0,-182.0,2606.0,-464.0,2591.0,-423.0,-297120.0,1573.0,666.0,-75.0,43844.0,629.0,1819.0,-560.0,1808.0,-578.0,-295508.0,27.0,-669.0,-35.0,-41571.0,640975.0,2757.0,-585.0,3048.0,-651.0,-295024.0,-1256.0,661.0,-23.0,-41560.0,640661.0,2757.0,-545.0,3048.0,-641.0,-294674.0,-346.0,661.0,-34.0,-41562.0,640922.0,2756.0,-637.0,3048.0,-631.0,-296330.0,-199.0,659.0,36.0,-41584.0,641159.0,2756.0,-647.0,3048.0,-665.0,-294762.0,-480.0,664.0,27.0,55700.0,820.0,1480.0,-652.0,1480.0,-772.0,-294170.0,812.0,-671.0,-34.0,-43035.0,-521.0,2555.0,-580.0,2555.0,-689.0,-295341.0,-1139.0,655.0,-1.0,-43048.0,-478.0,2555.0,-600.0,2555.0,-681.0,-292676.0,-2790.0,661.0,5.0,55717.0,782.0,1481.0,-771.0,1480.0,-816.0,-295174.0,1062.0,-670.0,6.0
26,2022-07-15,10016.0,147.0,4646.0,-782.0,9997.0,-750.0,-9969.0,-700.0,-10061.0,-1724.0,10016.0,221.0,4644.0,-752.0,9996.0,-723.0,-149472.0,4163.0,-668.0,93.0,10016.0,108.0,4643.0,-650.0,9996.0,-687.0,-9971.0,-18.0,-10054.0,-300.0,10016.0,250.0,4642.0,-708.0,9997.0,-768.0,-9929.0,-523.0,-10126.0,-1287.0,10015.0,123.0,4642.0,-833.0,9988.0,-891.0,-10022.0,-681.0,-10056.0,1042.0,20019.0,245.0,4639.0,-826.0,4572.0,-901.0,-150216.0,9851.0,-670.0,89.0,10011.0,163.0,4639.0,-835.0,9983.0,-884.0,-9960.0,-561.0,-10042.0,-271.0,10014.0,171.0,4636.0,-917.0,9988.0,-845.0,-9900.0,-713.0,10003.0,-395.0,-41584.0,641290.0,2753.0,-533.0,1886.0,-588.0,-295867.0,282.0,654.0,54.0,-41597.0,641525.0,2754.0,-528.0,1887.0,-546.0,-296345.0,-271.0,663.0,-73.0,-41586.0,641411.0,2754.0,-521.0,1887.0,-527.0,-296390.0,778.0,655.0,-3.0,-41593.0,641532.0,2754.0,-572.0,1887.0,-507.0,-297150.0,322.0,654.0,6.0,21965.0,258.0,2607.0,-513.0,2593.0,-516.0,-297144.0,-1001.0,-674.0,20.0,-232889.0,-4762.0,431.0,1073.0,434.0,72.0,-11986.0,4419.0,9648.0,11309.0,-21471.0,-186.0,2606.0,-495.0,2591.0,-463.0,-296965.0,2147.0,666.0,-75.0,43846.0,621.0,1819.0,-621.0,1808.0,-589.0,-296268.0,-25.0,-669.0,-35.0,-41572.0,640973.0,2757.0,-557.0,3048.0,-636.0,-294986.0,-1720.0,661.0,-23.0,-41561.0,640664.0,2757.0,-566.0,3048.0,-633.0,-295027.0,-907.0,661.0,-34.0,-41563.0,640923.0,2756.0,-642.0,3048.0,-654.0,-294739.0,-192.0,659.0,36.0,-41586.0,641169.0,2756.0,-656.0,3048.0,-643.0,-295231.0,-557.0,665.0,27.0,55700.0,820.0,1480.0,-651.0,1480.0,-759.0,-295151.0,596.0,-672.0,-34.0,-43036.0,-531.0,2556.0,-556.0,2555.0,-709.0,-294732.0,-781.0,655.0,-1.0,-43049.0,-482.0,2556.0,-561.0,2555.0,-637.0,-295674.0,-2207.0,661.0,5.0,55717.0,781.0,1481.0,-776.0,1480.0,-790.0,-293897.0,-300.0,-670.0,7.0
26,2022-07-04,10017.0,127.0,4642.0,-737.0,9997.0,-717.0,-9965.0,-417.0,-10064.0,-1719.0,10017.0,197.0,4642.0,-726.0,9995.0,-715.0,-149480.0,4289.0,-668.0,93.0,10017.0,85.0,4645.0,-674.0,9997.0,-696.0,-9991.0,28.0,-10058.0,-292.0,10017.0,218.0,4641.0,-692.0,9995.0,-740.0,-9928.0,-562.0,-10132.0,-1279.0,10016.0,93.0,4639.0,-776.0,9983.0,-807.0,-10014.0,-655.0,-10057.0,1049.0,20012.0,234.0,4642.0,-857.0,4572.0,-799.0,-150726.0,10127.0,-670.0,88.0,10011.0,149.0,4641.0,-816.0,9983.0,-858.0,-9984.0,-686.0,-10047.0,-265.0,10015.0,143.0,4643.0,-948.0,9981.0,-757.0,-9896.0,-697.0,10006.0,-387.0,-41594.0,641240.0,2752.0,-483.0,1886.0,-541.0,-295732.0,435.0,654.0,54.0,-41608.0,641472.0,2753.0,-454.0,1886.0,-516.0,-296093.0,-53.0,663.0,-73.0,-41596.0,641354.0,2754.0,-459.0,1886.0,-504.0,-296740.0,632.0,655.0,-4.0,-41603.0,641482.0,2753.0,-542.0,1886.0,-450.0,-296436.0,300.0,654.0,6.0,21963.0,160.0,2607.0,-472.0,2593.0,-499.0,-296239.0,-709.0,-674.0,19.0,-232997.0,-5715.0,431.0,1118.0,434.0,142.0,-11977.0,4400.0,9655.0,11270.0,-21481.0,-287.0,2604.0,-507.0,2591.0,-395.0,-296614.0,1759.0,666.0,-74.0,43850.0,432.0,1819.0,-546.0,1808.0,-555.0,-296371.0,65.0,-670.0,-35.0,-41583.0,640927.0,2756.0,-517.0,3047.0,-578.0,-295206.0,-2086.0,661.0,-24.0,-41571.0,640615.0,2756.0,-542.0,3047.0,-585.0,-295114.0,-929.0,661.0,-35.0,-41574.0,640870.0,2756.0,-513.0,3047.0,-576.0,-295163.0,-328.0,659.0,36.0,-41596.0,641113.0,2755.0,-570.0,3047.0,-582.0,-295562.0,-815.0,665.0,27.0,55710.0,560.0,1480.0,-627.0,1480.0,-726.0,-295640.0,251.0,-672.0,-34.0,-43048.0,-706.0,2555.0,-513.0,2554.0,-642.0,-297098.0,-313.0,655.0,-1.0,-43061.0,-661.0,2555.0,-482.0,2554.0,-632.0,-295430.0,-2389.0,661.0,5.0,55727.0,531.0,1480.0,-685.0,1480.0,-756.0,-294146.0,689.0,-670.0,7.0
26,2022-07-12,10016.0,130.0,4644.0,-770.0,9996.0,-727.0,-9948.0,-548.0,-10064.0,-1719.0,10016.0,202.0,4644.0,-740.0,9995.0,-738.0,-148956.0,4191.0,-668.0,93.0,10017.0,87.0,4644.0,-683.0,9996.0,-682.0,-9947.0,374.0,-10058.0,-293.0,10017.0,225.0,4643.0,-706.0,10001.0,-792.0,-9921.0,-519.0,-10131.0,-1279.0,10016.0,98.0,4634.0,-765.0,9986.0,-852.0,-10018.0,-657.0,-10055.0,1052.0,20014.0,227.0,4641.0,-825.0,4573.0,-858.0,-151605.0,9843.0,-670.0,89.0,10011.0,151.0,4640.0,-841.0,9988.0,-895.0,-9979.0,-844.0,-10045.0,-267.0,10015.0,148.0,4644.0,-1074.0,9986.0,-844.0,-9892.0,-723.0,10005.0,-385.0,-41592.0,641248.0,2752.0,-481.0,1886.0,-540.0,-295865.0,275.0,654.0,54.0,-41605.0,641476.0,2753.0,-485.0,1887.0,-506.0,-296123.0,-68.0,663.0,-73.0,-41594.0,641360.0,2754.0,-483.0,1886.0,-527.0,-296133.0,646.0,655.0,-3.0,-41600.0,641486.0,2753.0,-512.0,1886.0,-469.0,-296615.0,264.0,654.0,6.0,21963.0,178.0,2608.0,-539.0,2593.0,-466.0,-297140.0,-713.0,-674.0,19.0,-232976.0,-5492.0,431.0,1122.0,434.0,112.0,-11981.0,4486.0,9650.0,11311.0,-21479.0,-270.0,2605.0,-483.0,2591.0,-397.0,-296782.0,2046.0,666.0,-75.0,43849.0,465.0,1819.0,-571.0,1808.0,-565.0,-295714.0,495.0,-669.0,-35.0,-41580.0,640934.0,2756.0,-551.0,3046.0,-591.0,-295420.0,-1833.0,661.0,-23.0,-41569.0,640624.0,2756.0,-525.0,3047.0,-579.0,-294830.0,-388.0,661.0,-35.0,-41571.0,640879.0,2755.0,-573.0,3046.0,-622.0,-294884.0,-482.0,659.0,36.0,-41593.0,641122.0,2755.0,-616.0,3047.0,-611.0,-295748.0,-258.0,665.0,27.0,55708.0,607.0,1481.0,-680.0,1480.0,-710.0,-296066.0,541.0,-672.0,-34.0,-43045.0,-671.0,2555.0,-515.0,2555.0,-596.0,-294193.0,-491.0,655.0,-1.0,-43058.0,-630.0,2555.0,-520.0,2554.0,-649.0,-294713.0,-2405.0,661.0,5.0,55724.0,585.0,1481.0,-737.0,1480.0,-750.0,-294656.0,-65.0,-670.0,7.0
26,2022-07-02,10016.0,144.0,4642.0,-730.0,9997.0,-743.0,-9876.0,-67.0,-10061.0,-1732.0,10015.0,218.0,4642.0,-703.0,9996.0,-739.0,-150601.0,3739.0,-668.0,93.0,10016.0,103.0,4641.0,-635.0,9992.0,-653.0,-9970.0,165.0,-10055.0,-301.0,10016.0,244.0,4644.0,-729.0,9994.0,-744.0,-9932.0,-536.0,-10128.0,-1288.0,10015.0,114.0,4640.0,-805.0,9984.0,-852.0,-10021.0,-664.0,-10055.0,1046.0,20017.0,237.0,4640.0,-835.0,4571.0,-833.0,-151144.0,9703.0,-670.0,89.0,10011.0,161.0,4639.0,-842.0,9986.0,-885.0,-10079.0,-1501.0,-10043.0,-270.0,10014.0,166.0,4656.0,-1123.0,9981.0,-805.0,-9900.0,-696.0,10003.0,-393.0,-41585.0,641270.0,2753.0,-546.0,1886.0,-577.0,-296029.0,409.0,654.0,55.0,-41599.0,641499.0,2754.0,-505.0,1887.0,-557.0,-296386.0,-218.0,663.0,-73.0,-41587.0,641387.0,2754.0,-489.0,1887.0,-524.0,-296538.0,583.0,655.0,-3.0,-41594.0,641509.0,2754.0,-575.0,1886.0,-510.0,-296780.0,166.0,654.0,6.0,21964.0,237.0,2607.0,-539.0,2593.0,-488.0,-296909.0,267.0,-674.0,20.0,-232903.0,-4948.0,431.0,1098.0,434.0,57.0,-11983.0,4542.0,9649.0,11280.0,-21473.0,-210.0,2606.0,-466.0,2592.0,-395.0,-297565.0,2249.0,666.0,-75.0,43845.0,576.0,1819.0,-600.0,1808.0,-548.0,-295566.0,-8.0,-669.0,-35.0,-41573.0,640946.0,2757.0,-566.0,3047.0,-626.0,-295823.0,-2076.0,661.0,-23.0,-41562.0,640635.0,2757.0,-558.0,3048.0,-606.0,-294477.0,-421.0,661.0,-34.0,-41564.0,640893.0,2756.0,-596.0,3047.0,-606.0,-295831.0,-495.0,659.0,36.0,-41586.0,641132.0,2756.0,-639.0,3047.0,-657.0,-295213.0,-832.0,665.0,27.0,55697.0,823.0,1480.0,-646.0,1480.0,-697.0,-294763.0,1220.0,-671.0,-34.0,-43038.0,-572.0,2555.0,-594.0,2554.0,-693.0,-295647.0,-368.0,655.0,-1.0,-43050.0,-524.0,2556.0,-530.0,2554.0,-680.0,-293487.0,-2281.0,661.0,5.0,55714.0,782.0,1481.0,-787.0,1480.0,-823.0,-296007.0,390.0,-670.0,6.0
26,2022-07-13,10017.0,128.0,4643.0,-751.0,9996.0,-719.0,-9985.0,-746.0,-10063.0,-1718.0,10016.0,200.0,4644.0,-739.0,9996.0,-745.0,-150515.0,3907.0,-668.0,93.0,10017.0,86.0,4642.0,-634.0,9993.0,-643.0,-9953.0,172.0,-10057.0,-292.0,10017.0,225.0,4647.0,-740.0,9993.0,-725.0,-9929.0,-569.0,-10131.0,-1278.0,10016.0,96.0,4635.0,-743.0,9985.0,-832.0,-10025.0,-713.0,-10055.0,1055.0,20014.0,229.0,4639.0,-778.0,4572.0,-857.0,-150323.0,10095.0,-670.0,88.0,10011.0,150.0,4640.0,-829.0,9987.0,-895.0,-9993.0,-1087.0,-10045.0,-266.0,10015.0,146.0,4625.0,-909.0,9980.0,-791.0,-9893.0,-725.0,10005.0,-388.0,-41592.0,641247.0,2752.0,-493.0,1886.0,-541.0,-295884.0,260.0,654.0,54.0,-41606.0,641484.0,2754.0,-464.0,1886.0,-531.0,-296628.0,-225.0,663.0,-74.0,-41595.0,641373.0,2754.0,-465.0,1887.0,-495.0,-296363.0,645.0,655.0,-4.0,-41602.0,641501.0,2753.0,-541.0,1886.0,-463.0,-296707.0,69.0,654.0,5.0,21964.0,174.0,2608.0,-557.0,2593.0,-494.0,-296003.0,-420.0,-674.0,19.0,-232977.0,-5550.0,431.0,1177.0,434.0,92.0,-11977.0,4487.0,9651.0,11312.0,-21479.0,-269.0,2606.0,-427.0,2590.0,-429.0,-297109.0,2352.0,666.0,-75.0,43850.0,452.0,1819.0,-583.0,1808.0,-547.0,-296859.0,580.0,-669.0,-35.0,-41581.0,640938.0,2756.0,-518.0,3047.0,-632.0,-294788.0,-2008.0,661.0,-23.0,-41570.0,640623.0,2756.0,-528.0,3046.0,-610.0,-296001.0,-646.0,661.0,-35.0,-41572.0,640879.0,2756.0,-566.0,3047.0,-594.0,-294906.0,-248.0,659.0,36.0,-41594.0,641119.0,2755.0,-593.0,3047.0,-582.0,-294780.0,-352.0,665.0,27.0,55709.0,593.0,1480.0,-675.0,1480.0,-736.0,-295490.0,402.0,-672.0,-34.0,-43046.0,-682.0,2555.0,-528.0,2555.0,-597.0,-294915.0,-1339.0,655.0,-1.0,-43059.0,-633.0,2555.0,-508.0,2554.0,-632.0,-293763.0,-2163.0,661.0,5.0,55726.0,559.0,1480.0,-690.0,1480.0,-729.0,-295948.0,-210.0,-670.0,8.0
26,2022-07-05,10017.0,123.0,4640.0,-725.0,9997.0,-744.0,-9925.0,-668.0,-10063.0,-1721.0,10017.0,194.0,4642.0,-693.0,9997.0,-732.0,-150080.0,4399.0,-668.0,93.0,10017.0,82.0,4640.0,-613.0,9994.0,-663.0,-9993.0,-114.0,-10058.0,-292.0,10017.0,218.0,4637.0,-662.0,9992.0,-724.0,-9928.0,-544.0,-10131.0,-1279.0,10016.0,87.0,4637.0,-768.0,9985.0,-839.0,-10016.0,-682.0,-10056.0,1054.0,20011.0,232.0,4640.0,-789.0,4572.0,-823.0,-149918.0,10151.0,-670.0,88.0,10011.0,147.0,4638.0,-799.0,9987.0,-879.0,-9941.0,-458.0,-10046.0,-264.0,10015.0,140.0,4637.0,-880.0,9978.0,-748.0,-9899.0,-690.0,10006.0,-389.0,-41595.0,641230.0,2751.0,-486.0,1886.0,-543.0,-295915.0,241.0,654.0,54.0,-41608.0,641459.0,2753.0,-450.0,1886.0,-516.0,-296084.0,-46.0,663.0,-74.0,-41597.0,641345.0,2754.0,-434.0,1886.0,-507.0,-296449.0,588.0,655.0,-3.0,-41603.0,641469.0,2753.0,-484.0,1886.0,-458.0,-297084.0,211.0,654.0,6.0,21963.0,152.0,2607.0,-498.0,2594.0,-508.0,-296102.0,596.0,-674.0,19.0,-233006.0,-5696.0,431.0,1106.0,434.0,151.0,-11986.0,4531.0,9650.0,11321.0,-21481.0,-293.0,2605.0,-448.0,2590.0,-412.0,-297564.0,1717.0,666.0,-75.0,43850.0,409.0,1819.0,-573.0,1808.0,-518.0,-295407.0,516.0,-669.0,-36.0,-41583.0,640916.0,2756.0,-536.0,3047.0,-574.0,-294715.0,-1356.0,661.0,-23.0,-41572.0,640603.0,2756.0,-533.0,3047.0,-575.0,-294984.0,-457.0,661.0,-35.0,-41574.0,640862.0,2756.0,-547.0,3047.0,-583.0,-296245.0,-786.0,659.0,36.0,-41596.0,641105.0,2755.0,-577.0,3047.0,-592.0,-294671.0,-461.0,665.0,27.0,55710.0,545.0,1480.0,-647.0,1480.0,-726.0,-295466.0,755.0,-672.0,-34.0,-43049.0,-722.0,2555.0,-532.0,2554.0,-626.0,-294696.0,-794.0,655.0,-1.0,-43062.0,-679.0,2555.0,-488.0,2554.0,-620.0,-293492.0,-1686.0,661.0,5.0,55727.0,512.0,1481.0,-742.0,1480.0,-774.0,-296143.0,-194.0,-670.0,8.0
26,2022-07-03,10017.0,122.0,4643.0,-756.0,9996.0,-700.0,-9810.0,-135.0,-10063.0,-1722.0,10017.0,193.0,4645.0,-726.0,9997.0,-733.0,-150632.0,3854.0,-668.0,93.0,10017.0,82.0,4642.0,-624.0,9995.0,-662.0,-10027.0,8.0,-10057.0,-293.0,10017.0,214.0,4642.0,-706.0,9992.0,-715.0,-9927.0,-506.0,-10131.0,-1280.0,10016.0,82.0,4635.0,-759.0,9982.0,-804.0,-10014.0,-636.0,-10056.0,1055.0,20010.0,227.0,4641.0,-815.0,4573.0,-823.0,-149589.0,10241.0,-670.0,88.0,10011.0,144.0,4640.0,-801.0,9989.0,-873.0,-9999.0,-772.0,-10045.0,-264.0,10015.0,136.0,4635.0,-1033.0,9980.0,-763.0,-9895.0,-711.0,10005.0,-386.0,-41596.0,641214.0,2752.0,-492.0,1886.0,-520.0,-295974.0,383.0,654.0,54.0,-41610.0,641452.0,2753.0,-450.0,1886.0,-495.0,-296040.0,-147.0,664.0,-74.0,-41599.0,641339.0,2753.0,-443.0,1886.0,-511.0,-296715.0,557.0,655.0,-4.0,-41605.0,641460.0,2753.0,-505.0,1886.0,-452.0,-296440.0,257.0,654.0,6.0,21962.0,139.0,2608.0,-520.0,2593.0,-462.0,-296086.0,-229.0,-674.0,19.0,-233020.0,-5831.0,431.0,1149.0,434.0,131.0,-11978.0,4586.0,9652.0,11301.0,-21483.0,-308.0,2605.0,-435.0,2590.0,-394.0,-297152.0,1812.0,666.0,-75.0,43851.0,374.0,1819.0,-545.0,1808.0,-525.0,-296401.0,135.0,-669.0,-36.0,-41584.0,640900.0,2756.0,-489.0,3047.0,-562.0,-295284.0,-1884.0,661.0,-23.0,-41573.0,640584.0,2756.0,-476.0,3046.0,-535.0,-294248.0,-429.0,661.0,-35.0,-41576.0,640847.0,2756.0,-555.0,3047.0,-580.0,-295395.0,-548.0,659.0,36.0,-41597.0,641087.0,2755.0,-588.0,3047.0,-560.0,-295494.0,-281.0,665.0,27.0,55711.0,509.0,1480.0,-630.0,1479.0,-667.0,-294329.0,372.0,-672.0,-35.0,-43051.0,-753.0,2555.0,-502.0,2554.0,-604.0,-294705.0,-1022.0,655.0,-1.0,-43064.0,-707.0,2555.0,-513.0,2554.0,-609.0,-295069.0,-2843.0,661.0,5.0,55728.0,479.0,1481.0,-730.0,1480.0,-773.0,-295168.0,-179.0,-670.0,7.0
26,2022-07-03,10017.0,121.0,4643.0,-736.0,9993.0,-681.0,-9804.0,16.0,-10063.0,-1723.0,10016.0,195.0,4642.0,-717.0,9995.0,-723.0,-150895.0,3597.0,-668.0,93.0,10017.0,81.0,4641.0,-620.0,9994.0,-650.0,-10015.0,83.0,-10057.0,-294.0,10017.0,213.0,4642.0,-703.0,9998.0,-732.0,-9928.0,-524.0,-10130.0,-1281.0,10016.0,81.0,4638.0,-784.0,9986.0,-841.0,-10019.0,-677.0,-10056.0,1055.0,20010.0,226.0,4641.0,-822.0,4573.0,-814.0,-150445.0,10284.0,-670.0,88.0,10011.0,144.0,4642.0,-842.0,9984.0,-864.0,-9900.0,70.0,-10045.0,-265.0,10015.0,135.0,4639.0,-1011.0,9984.0,-800.0,-9896.0,-683.0,10005.0,-388.0,-41596.0,641205.0,2752.0,-463.0,1886.0,-536.0,-296074.0,340.0,654.0,54.0,-41610.0,641445.0,2753.0,-460.0,1886.0,-497.0,-296281.0,-212.0,663.0,-74.0,-41598.0,641333.0,2754.0,-434.0,1886.0,-489.0,-296498.0,559.0,655.0,-4.0,-41605.0,641457.0,2753.0,-502.0,1886.0,-438.0,-296798.0,110.0,654.0,6.0,21962.0,138.0,2608.0,-506.0,2593.0,-487.0,-295354.0,-158.0,-674.0,19.0,-233022.0,-5846.0,431.0,1150.0,434.0,143.0,-11984.0,4619.0,9651.0,11304.0,-21483.0,-315.0,2604.0,-450.0,2590.0,-414.0,-296703.0,2004.0,666.0,-75.0,43850.0,369.0,1819.0,-530.0,1808.0,-553.0,-296285.0,975.0,-669.0,-36.0,-41584.0,640895.0,2756.0,-522.0,3046.0,-549.0,-295663.0,-2040.0,661.0,-23.0,-41573.0,640581.0,2756.0,-480.0,3047.0,-545.0,-295426.0,-609.0,661.0,-35.0,-41576.0,640844.0,2756.0,-546.0,3047.0,-566.0,-295869.0,-575.0,659.0,36.0,-41597.0,641081.0,2755.0,-569.0,3047.0,-573.0,-294898.0,-522.0,665.0,27.0,55711.0,504.0,1480.0,-619.0,1480.0,-713.0,-294178.0,290.0,-671.0,-35.0,-43051.0,-758.0,2555.0,-501.0,2554.0,-657.0,-294888.0,-650.0,655.0,-1.0,-43064.0,-711.0,2555.0,-505.0,2554.0,-587.0,-294968.0,-2146.0,661.0,5.0,55728.0,472.0,1480.0,-679.0,1480.0,-732.0,-294755.0,397.0,-670.0,7.0
26,2022-05-19,10016.0,153.0,4643.0,-750.0,10001.0,-773.0,-10003.0,-241.0,-10060.0,-1745.0,10015.0,224.0,4643.0,-714.0,9996.0,-766.0,-149984.0,4443.0,-668.0,92.0,10016.0,110.0,4644.0,-684.0,9997.0,-681.0,-10084.0,-233.0,-10055.0,-308.0,10016.0,253.0,4643.0,-706.0,9997.0,-784.0,-9925.0,-482.0,-10127.0,-1301.0,10014.0,123.0,4639.0,-791.0,9989.0,-880.0,-10018.0,-603.0,-10056.0,1048.0,20019.0,248.0,4639.0,-835.0,4572.0,-867.0,-150364.0,10166.0,-670.0,88.0,10011.0,163.0,4640.0,-821.0,9988.0,-930.0,-9985.0,-680.0,-10042.0,-280.0,10014.0,174.0,4636.0,-917.0,9980.0,-797.0,-9897.0,-707.0,10002.0,-400.0,-41583.0,641287.0,2753.0,-560.0,1887.0,-584.0,-296143.0,72.0,654.0,54.0,-41596.0,641515.0,2754.0,-551.0,1887.0,-557.0,-296327.0,-99.0,663.0,-73.0,-41585.0,641406.0,2754.0,-543.0,1887.0,-528.0,-296443.0,439.0,655.0,-3.0,-41592.0,641533.0,2754.0,-576.0,1887.0,-504.0,-296903.0,107.0,654.0,6.0,21965.0,262.0,2608.0,-583.0,2593.0,-503.0,-296425.0,-1180.0,-674.0,19.0,-232877.0,-4757.0,431.0,1048.0,434.0,104.0,-11989.0,4590.0,9647.0,11273.0,-21470.0,-182.0,2606.0,-464.0,2591.0,-423.0,-297120.0,1573.0,666.0,-75.0,43844.0,629.0,1819.0,-560.0,1808.0,-578.0,-295508.0,27.0,-669.0,-35.0,-41571.0,640975.0,2757.0,-585.0,3048.0,-651.0,-295024.0,-1256.0,661.0,-23.0,-41560.0,640661.0,2757.0,-545.0,3048.0,-641.0,-294674.0,-346.0,661.0,-34.0,-41562.0,640922.0,2756.0,-637.0,3048.0,-631.0,-296330.0,-199.0,659.0,36.0,-41584.0,641159.0,2756.0,-647.0,3048.0,-665.0,-294762.0,-480.0,664.0,27.0,55700.0,820.0,1480.0,-652.0,1480.0,-772.0,-294170.0,812.0,-671.0,-34.0,-43035.0,-521.0,2555.0,-580.0,2555.0,-689.0,-295341.0,-1139.0,655.0,-1.0,-43048.0,-478.0,2555.0,-600.0,2555.0,-681.0,-292676.0,-2790.0,661.0,5.0,55717.0,782.0,1481.0,-771.0,1480.0,-816.0,-295174.0,1062.0,-670.0,6.0
