'Date',2022-11-25,2022-11-25,2022-11-25,2022-11-25,2022-11-25,2022-11-25,2022-11-25,2022-11-25,2022-11-25,2022-11-25,2022-11-25,2022-11-25,2022-11-25,2022-11-25,2022-11-25,2022-11-25,2022-11-25,2022-11-25,2022-11-25,2022-11-25
0,0,0,0,0,0,0,0,0,0,0,0,0,0,0,0,0,0,0,0,0
'DAC_VOLTAGE_GAIN_0',10016.0,10015.0,10016.0,10017.0,10017.0,10016.0,10017.0,10017.0,10017.0,10016.0,10017.0,10017.0,10016.0,10016.0,10017.0,10017.0,10017.0,10017.0,10016.0,10016.0
'DAC_VOLTAGE_OFFSET_0',153.0,148.0,144.0,121.0,122.0,127.0,127.0,123.0,124.0,132.0,127.0,128.0,130.0,130.0,129.0,128.0,128.0,131.0,146.0,147.0
'ADC_U_LOAD_GAIN_0',4643.0,4645.0,4642.0,4643.0,4643.0,4641.0,4642.0,4640.0,4643.0,4642.0,4643.0,4644.0,4644.0,4643.0,4640.0,4643.0,4642.0,4640.0,4644.0,4646.0
'ADC_U_LOAD_OFFSET_0',-750.0,-773.0,-730.0,-736.0,-756.0,-726.0,-737.0,-725.0,-733.0,-732.0,-743.0,-752.0,-770.0,-741.0,-722.0,-751.0,-731.0,-711.0,-760.0,-782.0
'ADC_U_REGULATOR_GAIN_0',10001.0,9996.0,9997.0,9993.0,9996.0,9996.0,9997.0,9997.0,9995.0,9997.0,9999.0,9996.0,9996.0,9996.0,9995.0,9996.0,9993.0,9993.0,9998.0,9997.0
'ADC_U_REGULATOR_OFFSET_0',-773.0,-738.0,-743.0,-681.0,-700.0,-718.0,-717.0,-744.0,-718.0,-733.0,-745.0,-717.0,-727.0,-714.0,-716.0,-719.0,-704.0,-694.0,-757.0,-750.0
'ADC_I_MON_GAIN_0',-10003.0,-9889.0,-9876.0,-9804.0,-9810.0,-9847.0,-9965.0,-9925.0,-10036.0,-9846.0,-9885.0,-9901.0,-9948.0,-9978.0,-9842.0,-9985.0,-9858.0,-9788.0,-9946.0,-9969.0
'ADC_I_MON_OFFSET_0',-241.0,-227.0,-67.0,16.0,-135.0,-202.0,-417.0,-668.0,-634.0,-258.0,-450.0,-445.0,-548.0,-530.0,-206.0,-746.0,-28.0,93.0,-553.0,-700.0
'DAC_CURRENT_GAIN_0',-10060.0,-10061.0,-10061.0,-10063.0,-10063.0,-10064.0,-10064.0,-10063.0,-10063.0,-10063.0,-10063.0,-10064.0,-10064.0,-10063.0,-10063.0,-10063.0,-10063.0,-10064.0,-10062.0,-10061.0
'DAC_CURRENT_OFFSET_0',-1745.0,-1732.0,-1732.0,-1723.0,-1722.0,-1717.0,-1719.0,-1721.0,-1721.0,-1719.0,-1720.0,-1717.0,-1719.0,-1720.0,-1721.0,-1718.0,-1719.0,-1714.0,-1721.0,-1724.0
1,1,1,1,1,1,1,1,1,1,1,1,1,1,1,1,1,1,1,1,1
'DAC_VOLTAGE_GAIN_1',10015.0,10015.0,10015.0,10016.0,10017.0,10016.0,10017.0,10017.0,10017.0,10016.0,10016.0,10017.0,10016.0,10016.0,10016.0,10016.0,10016.0,10016.0,10015.0,10016.0
'DAC_VOLTAGE_OFFSET_1',224.0,218.0,218.0,195.0,193.0,200.0,197.0,194.0,195.0,203.0,200.0,200.0,202.0,200.0,199.0,200.0,199.0,203.0,224.0,221.0
'ADC_U_LOAD_GAIN_1',4643.0,4644.0,4642.0,4642.0,4645.0,4643.0,4642.0,4642.0,4643.0,4642.0,4645.0,4643.0,4644.0,4645.0,4639.0,4644.0,4646.0,4644.0,4641.0,4644.0
'ADC_U_LOAD_OFFSET_1',-714.0,-744.0,-703.0,-717.0,-726.0,-729.0,-726.0,-693.0,-726.0,-720.0,-744.0,-711.0,-740.0,-726.0,-678.0,-739.0,-750.0,-746.0,-723.0,-752.0
'ADC_U_REGULATOR_GAIN_1',9996.0,9996.0,9996.0,9995.0,9997.0,9999.0,9995.0,9997.0,9998.0,9997.0,9996.0,9998.0,9995.0,9994.0,9996.0,9996.0,9998.0,9994.0,9997.0,9996.0
'ADC_U_REGULATOR_OFFSET_1',-766.0,-746.0,-739.0,-723.0,-733.0,-745.0,-715.0,-732.0,-744.0,-741.0,-728.0,-759.0,-738.0,-709.0,-741.0,-745.0,-748.0,-705.0,-758.0,-723.0
'ADC_I_MON_GAIN_1',-149984.0,-150713.0,-150601.0,-150895.0,-150632.0,-150201.0,-149480.0,-150080.0,-150370.0,-151603.0,-149132.0,-148050.0,-148956.0,-150461.0,-148708.0,-150515.0,-148644.0,-149332.0,-151224.0,-149472.0
'ADC_I_MON_OFFSET_1',4443.0,4026.0,3739.0,3597.0,3854.0,3834.0,4289.0,4399.0,3995.0,3000.0,4426.0,5374.0,4191.0,3978.0,4470.0,3907.0,4791.0,4590.0,2970.0,4163.0
'DAC_CURRENT_GAIN_1',-668.0,-668.0,-668.0,-668.0,-668.0,-668.0,-668.0,-668.0,-668.0,-668.0,-668.0,-668.0,-668.0,-668.0,-668.0,-668.0,-668.0,-668.0,-668.0,-668.0
'DAC_CURRENT_OFFSET_1',92.0,93.0,93.0,93.0,93.0,93.0,93.0,93.0,93.0,93.0,93.0,93.0,93.0,93.0,93.0,93.0,93.0,93.0,93.0,93.0
2,2,2,2,2,2,2,2,2,2,2,2,2,2,2,2,2,2,2,2,2
'DAC_VOLTAGE_GAIN_2',10016.0,10016.0,10016.0,10017.0,10017.0,10017.0,10017.0,10017.0,10017.0,10017.0,10017.0,10017.0,10017.0,10017.0,10017.0,10017.0,10017.0,10017.0,10016.0,10016.0
'DAC_VOLTAGE_OFFSET_2',110.0,104.0,103.0,81.0,82.0,85.0,85.0,82.0,82.0,87.0,86.0,87.0,87.0,87.0,86.0,86.0,86.0,89.0,109.0,108.0
'ADC_U_LOAD_GAIN_2',4644.0,4644.0,4641.0,4641.0,4642.0,4643.0,4645.0,4640.0,4637.0,4641.0,4643.0,4645.0,4644.0,4640.0,4642.0,4642.0,4644.0,4641.0,4643.0,4643.0
'ADC_U_LOAD_OFFSET_2',-684.0,-662.0,-635.0,-620.0,-624.0,-650.0,-674.0,-613.0,-596.0,-619.0,-649.0,-674.0,-683.0,-626.0,-634.0,-634.0,-671.0,-618.0,-657.0,-650.0
'ADC_U_REGULATOR_GAIN_2',9997.0,9996.0,9992.0,9994.0,9995.0,9995.0,9997.0,9994.0,9996.0,10000.0,9993.0,9995.0,9996.0,9996.0,9996.0,9993.0,9996.0,9994.0,9998.0,9996.0
'ADC_U_REGULATOR_OFFSET_2',-681.0,-700.0,-653.0,-650.0,-662.0,-672.0,-696.0,-663.0,-683.0,-716.0,-642.0,-671.0,-682.0,-676.0,-658.0,-643.0,-684.0,-667.0,-698.0,-687.0
'ADC_I_MON_GAIN_2',-10084.0,-9986.0,-9970.0,-10015.0,-10027.0,-9984.0,-9991.0,-9993.0,-10004.0,-9965.0,-9912.0,-10003.0,-9947.0,-10053.0,-10063.0,-9953.0,-9985.0,-10106.0,-10007.0,-9971.0
'ADC_I_MON_OFFSET_2',-233.0,128.0,165.0,83.0,8.0,62.0,28.0,-114.0,370.0,426.0,760.0,73.0,374.0,-405.0,-308.0,172.0,-21.0,-1066.0,-99.0,-18.0
'DAC_CURRENT_GAIN_2',-10055.0,-10055.0,-10055.0,-10057.0,-10057.0,-10057.0,-10058.0,-10058.0,-10058.0,-10058.0,-10058.0,-10058.0,-10058.0,-10057.0,-10057.0,-10057.0,-10058.0,-10058.0,-10055.0,-10054.0
'DAC_CURRENT_OFFSET_2',-308.0,-302.0,-301.0,-294.0,-293.0,-294.0,-292.0,-292.0,-291.0,-293.0,-293.0,-292.0,-293.0,-294.0,-292.0,-292.0,-292.0,-289.0,-298.0,-300.0
3,3,3,3,3,3,3,3,3,3,3,3,3,3,3,3,3,3,3,3,3
'DAC_VOLTAGE_GAIN_3',10016.0,10015.0,10016.0,10017.0,10017.0,10017.0,10017.0,10017.0,10017.0,10017.0,10017.0,10017.0,10017.0,10017.0,10017.0,10017.0,10017.0,10017.0,10016.0,10016.0
'DAC_VOLTAGE_OFFSET_3',253.0,245.0,244.0,213.0,214.0,221.0,218.0,218.0,218.0,227.0,223.0,223.0,225.0,226.0,225.0,225.0,224.0,226.0,251.0,250.0
'ADC_U_LOAD_GAIN_3',4643.0,4648.0,4644.0,4642.0,4642.0,4643.0,4641.0,4637.0,4641.0,4646.0,4644.0,4646.0,4643.0,4647.0,4643.0,4647.0,4641.0,4646.0,4641.0,4642.0
'ADC_U_LOAD_OFFSET_3',-706.0,-753.0,-729.0,-703.0,-706.0,-709.0,-692.0,-662.0,-691.0,-722.0,-726.0,-747.0,-706.0,-753.0,-707.0,-740.0,-701.0,-734.0,-696.0,-708.0
'ADC_U_REGULATOR_GAIN_3',9997.0,9995.0,9994.0,9998.0,9992.0,9995.0,9995.0,9992.0,9997.0,9996.0,9995.0,9995.0,10001.0,9996.0,9989.0,9993.0,10000.0,9996.0,9996.0,9997.0
'ADC_U_REGULATOR_OFFSET_3',-784.0,-752.0,-744.0,-732.0,-715.0,-751.0,-740.0,-724.0,-732.0,-768.0,-731.0,-739.0,-792.0,-768.0,-691.0,-725.0,-777.0,-750.0,-769.0,-768.0
'ADC_I_MON_GAIN_3',-9925.0,-9929.0,-9932.0,-9928.0,-9927.0,-9933.0,-9928.0,-9928.0,-9923.0,-9927.0,-9932.0,-9920.0,-9921.0,-9931.0,-9933.0,-9929.0,-9927.0,-9933.0,-9934.0,-9929.0
'ADC_I_MON_OFFSET_3',-482.0,-555.0,-536.0,-524.0,-506.0,-620.0,-562.0,-544.0,-518.0,-553.0,-563.0,-486.0,-519.0,-574.0,-570.0,-569.0,-540.0,-600.0,-590.0,-523.0
'DAC_CURRENT_GAIN_3',-10127.0,-10129.0,-10128.0,-10130.0,-10131.0,-10131.0,-10132.0,-10131.0,-10132.0,-10131.0,-10131.0,-10131.0,-10131.0,-10131.0,-10131.0,-10131.0,-10131.0,-10132.0,-10126.0,-10126.0
'DAC_CURRENT_OFFSET_3',-1301.0,-1287.0,-1288.0,-1281.0,-1280.0,-1280.0,-1279.0,-1279.0,-1278.0,-1279.0,-1279.0,-1279.0,-1279.0,-1280.0,-1280.0,-1278.0,-1278.0,-1276.0,-1286.0,-1287.0
4,4,4,4,4,4,4,4,4,4,4,4,4,4,4,4,4,4,4,4,4
'DAC_VOLTAGE_GAIN_4',10014.0,10015.0,10015.0,10016.0,10016.0,10016.0,10016.0,10016.0,10016.0,10016.0,10016.0,10016.0,10016.0,10016.0,10016.0,10016.0,10016.0,10016.0,10015.0,10015.0
'DAC_VOLTAGE_OFFSET_4',123.0,115.0,114.0,81.0,82.0,94.0,93.0,87.0,89.0,98.0,96.0,96.0,98.0,97.0,96.0,96.0,96.0,100.0,125.0,123.0
'ADC_U_LOAD_GAIN_4',4639.0,4635.0,4640.0,4638.0,4635.0,4636.0,4639.0,4637.0,4638.0,4633.0,4636.0,4635.0,4634.0,4633.0,4640.0,4635.0,4638.0,4635.0,4632.0,4642.0
'ADC_U_LOAD_OFFSET_4',-791.0,-763.0,-805.0,-784.0,-759.0,-775.0,-776.0,-768.0,-786.0,-743.0,-773.0,-738.0,-765.0,-742.0,-780.0,-743.0,-790.0,-789.0,-735.0,-833.0
'ADC_U_REGULATOR_GAIN_4',9989.0,9986.0,9984.0,9986.0,9982.0,9986.0,9983.0,9985.0,9986.0,9985.0,9985.0,9989.0,9986.0,9985.0,9981.0,9985.0,9980.0,9981.0,9990.0,9988.0
'ADC_U_REGULATOR_OFFSET_4',-880.0,-843.0,-852.0,-841.0,-804.0,-849.0,-807.0,-839.0,-844.0,-852.0,-837.0,-868.0,-852.0,-853.0,-810.0,-832.0,-801.0,-803.0,-908.0,-891.0
'ADC_I_MON_GAIN_4',-10018.0,-10018.0,-10021.0,-10019.0,-10014.0,-10023.0,-10014.0,-10016.0,-10017.0,-10020.0,-10020.0,-10017.0,-10018.0,-10016.0,-10017.0,-10025.0,-10020.0,-10019.0,-10023.0,-10022.0
'ADC_I_MON_OFFSET_4',-603.0,-683.0,-664.0,-677.0,-636.0,-719.0,-655.0,-682.0,-649.0,-675.0,-680.0,-664.0,-657.0,-649.0,-663.0,-713.0,-688.0,-702.0,-732.0,-681.0
'DAC_CURRENT_GAIN_4',-10056.0,-10056.0,-10055.0,-10056.0,-10056.0,-10057.0,-10057.0,-10056.0,-10056.0,-10056.0,-10056.0,-10055.0,-10055.0,-10055.0,-10054.0,-10055.0,-10055.0,-10057.0,-10057.0,-10056.0
'DAC_CURRENT_OFFSET_4',1048.0,1041.0,1046.0,1055.0,1055.0,1051.0,1049.0,1054.0,1055.0,1050.0,1051.0,1054.0,1052.0,1049.0,1053.0,1055.0,1053.0,1050.0,1040.0,1042.0
5,5,5,5,5,5,5,5,5,5,5,5,5,5,5,5,5,5,5,5,5
'DAC_VOLTAGE_GAIN_5',20019.0,20017.0,20017.0,20010.0,20010.0,20012.0,20012.0,20011.0,20012.0,20014.0,20013.0,20013.0,20014.0,20014.0,20014.0,20014.0,20014.0,20015.0,20019.0,20019.0
'DAC_VOLTAGE_OFFSET_5',248.0,238.0,237.0,226.0,227.0,235.0,234.0,232.0,227.0,228.0,234.0,228.0,227.0,226.0,226.0,229.0,227.0,228.0,249.0,245.0
'ADC_U_LOAD_GAIN_5',4639.0,4639.0,4640.0,4641.0,4641.0,4641.0,4642.0,4640.0,4641.0,4641.0,4640.0,4641.0,4641.0,4640.0,4640.0,4639.0,4640.0,4640.0,4640.0,4639.0
'ADC_U_LOAD_OFFSET_5',-835.0,-823.0,-835.0,-822.0,-815.0,-838.0,-857.0,-789.0,-857.0,-835.0,-829.0,-835.0,-825.0,-808.0,-809.0,-778.0,-791.0,-815.0,-870.0,-826.0
'ADC_U_REGULATOR_GAIN_5',4572.0,4571.0,4571.0,4573.0,4573.0,4573.0,4572.0,4572.0,4573.0,4572.0,4572.0,4572.0,4573.0,4573.0,4573.0,4572.0,4573.0,4572.0,4572.0,4572.0
'ADC_U_REGULATOR_OFFSET_5',-867.0,-841.0,-833.0,-814.0,-823.0,-864.0,-799.0,-823.0,-838.0,-832.0,-860.0,-826.0,-858.0,-870.0,-882.0,-857.0,-892.0,-847.0,-883.0,-901.0
'ADC_I_MON_GAIN_5',-150364.0,-151713.0,-151144.0,-150445.0,-149589.0,-150719.0,-150726.0,-149918.0,-149563.0,-151337.0,-150657.0,-149935.0,-151605.0,-149949.0,-148734.0,-150323.0,-149023.0,-148634.0,-150240.0,-150216.0
'ADC_I_MON_OFFSET_5',10166.0,9293.0,9703.0,10284.0,10241.0,10268.0,10127.0,10151.0,10087.0,9915.0,10033.0,10364.0,9843.0,10336.0,10294.0,10095.0,10550.0,10672.0,10516.0,9851.0
'DAC_CURRENT_GAIN_5',-670.0,-670.0,-670.0,-670.0,-670.0,-670.0,-670.0,-670.0,-670.0,-670.0,-670.0,-670.0,-670.0,-670.0,-670.0,-670.0,-670.0,-670.0,-670.0,-670.0
'DAC_CURRENT_OFFSET_5',88.0,89.0,89.0,88.0,88.0,89.0,88.0,88.0,89.0,88.0,88.0,89.0,89.0,88.0,89.0,88.0,88.0,88.0,89.0,89.0
6,6,6,6,6,6,6,6,6,6,6,6,6,6,6,6,6,6,6,6,6
'DAC_VOLTAGE_GAIN_6',10011.0,10011.0,10011.0,10011.0,10011.0,10011.0,10011.0,10011.0,10011.0,10011.0,10011.0,10011.0,10011.0,10011.0,10011.0,10011.0,10011.0,10011.0,10011.0,10011.0
'DAC_VOLTAGE_OFFSET_6',163.0,161.0,161.0,144.0,144.0,150.0,149.0,147.0,147.0,151.0,150.0,149.0,151.0,151.0,150.0,150.0,149.0,152.0,165.0,163.0
'ADC_U_LOAD_GAIN_6',4640.0,4638.0,4639.0,4642.0,4640.0,4643.0,4641.0,4638.0,4639.0,4641.0,4643.0,4639.0,4640.0,4641.0,4638.0,4640.0,4640.0,4639.0,4638.0,4639.0
'ADC_U_LOAD_OFFSET_6',-821.0,-826.0,-842.0,-842.0,-801.0,-853.0,-816.0,-799.0,-813.0,-831.0,-852.0,-802.0,-841.0,-837.0,-816.0,-829.0,-827.0,-808.0,-822.0,-835.0
'ADC_U_REGULATOR_GAIN_6',9988.0,9986.0,9986.0,9984.0,9989.0,9986.0,9983.0,9987.0,9986.0,9986.0,9987.0,9986.0,9988.0,9986.0,9985.0,9987.0,9988.0,9987.0,9984.0,9983.0
'ADC_U_REGULATOR_OFFSET_6',-930.0,-900.0,-885.0,-864.0,-873.0,-875.0,-858.0,-879.0,-887.0,-875.0,-859.0,-884.0,-895.0,-868.0,-882.0,-895.0,-916.0,-926.0,-887.0,-884.0
'ADC_I_MON_GAIN_6',-9985.0,-9996.0,-10079.0,-9900.0,-9999.0,-10000.0,-9984.0,-9941.0,-10002.0,-10053.0,-9893.0,-9957.0,-9979.0,-9947.0,-10015.0,-9993.0,-9965.0,-9962.0,-9885.0,-9960.0
'ADC_I_MON_OFFSET_6',-680.0,-416.0,-1501.0,70.0,-772.0,-1006.0,-686.0,-458.0,-801.0,-839.0,-256.0,16.0,-844.0,-462.0,-816.0,-1087.0,-555.0,-545.0,64.0,-561.0
'DAC_CURRENT_GAIN_6',-10042.0,-10042.0,-10043.0,-10045.0,-10045.0,-10046.0,-10047.0,-10046.0,-10046.0,-10046.0,-10046.0,-10046.0,-10045.0,-10045.0,-10044.0,-10045.0,-10045.0,-10046.0,-10042.0,-10042.0
'DAC_CURRENT_OFFSET_6',-280.0,-271.0,-270.0,-265.0,-264.0,-266.0,-265.0,-264.0,-263.0,-263.0,-263.0,-266.0,-267.0,-267.0,-267.0,-266.0,-265.0,-264.0,-269.0,-271.0
7,7,7,7,7,7,7,7,7,7,7,7,7,7,7,7,7,7,7,7,7
'DAC_VOLTAGE_GAIN_7',10014.0,10014.0,10014.0,10015.0,10015.0,10015.0,10015.0,10015.0,10015.0,10015.0,10015.0,10015.0,10015.0,10015.0,10015.0,10015.0,10015.0,10015.0,10014.0,10014.0
'DAC_VOLTAGE_OFFSET_7',174.0,166.0,166.0,135.0,136.0,142.0,143.0,140.0,141.0,147.0,145.0,145.0,148.0,146.0,147.0,146.0,145.0,153.0,173.0,171.0
'ADC_U_LOAD_GAIN_7',4636.0,4651.0,4656.0,4639.0,4635.0,4649.0,4643.0,4637.0,4638.0,4638.0,4648.0,4642.0,4644.0,4631.0,4631.0,4625.0,4624.0,4639.0,4635.0,4636.0
'ADC_U_LOAD_OFFSET_7',-917.0,-1050.0,-1123.0,-1011.0,-1033.0,-1073.0,-948.0,-880.0,-871.0,-950.0,-1056.0,-1001.0,-1074.0,-884.0,-825.0,-909.0,-765.0,-1035.0,-1052.0,-917.0
'ADC_U_REGULATOR_GAIN_7',9980.0,9987.0,9981.0,9984.0,9980.0,9983.0,9981.0,9978.0,9986.0,9984.0,9983.0,9981.0,9986.0,9984.0,9982.0,9980.0,9991.0,9982.0,9988.0,9988.0
'ADC_U_REGULATOR_OFFSET_7',-797.0,-840.0,-805.0,-800.0,-763.0,-785.0,-757.0,-748.0,-804.0,-818.0,-800.0,-797.0,-844.0,-817.0,-832.0,-791.0,-883.0,-815.0,-858.0,-845.0
'ADC_I_MON_GAIN_7',-9897.0,-9906.0,-9900.0,-9896.0,-9895.0,-9894.0,-9896.0,-9899.0,-9901.0,-9896.0,-9904.0,-9898.0,-9892.0,-9890.0,-9898.0,-9893.0,-9899.0,-9896.0,-9896.0,-9900.0
'ADC_I_MON_OFFSET_7',-707.0,-644.0,-696.0,-683.0,-711.0,-714.0,-697.0,-690.0,-698.0,-708.0,-656.0,-696.0,-723.0,-748.0,-691.0,-725.0,-698.0,-739.0,-757.0,-713.0
'DAC_CURRENT_GAIN_7',10002.0,10003.0,10003.0,10005.0,10005.0,10005.0,10006.0,10006.0,10005.0,10005.0,10005.0,10005.0,10005.0,10005.0,10005.0,10005.0,10005.0,10006.0,10003.0,10003.0
'DAC_CURRENT_OFFSET_7',-400.0,-391.0,-393.0,-388.0,-386.0,-388.0,-387.0,-389.0,-388.0,-389.0,-391.0,-389.0,-385.0,-389.0,-386.0,-388.0,-389.0,-385.0,-394.0,-395.0
8,8,8,8,8,8,8,8,8,8,8,8,8,8,8,8,8,8,8,8,8
'DAC_VOLTAGE_GAIN_8',-41583.0,-41584.0,-41585.0,-41596.0,-41596.0,-41594.0,-41594.0,-41595.0,-41595.0,-41592.0,-41593.0,-41593.0,-41592.0,-41592.0,-41592.0,-41592.0,-41592.0,-41592.0,-41583.0,-41584.0
'DAC_VOLTAGE_OFFSET_8',641287.0,641251.0,641270.0,641205.0,641214.0,641233.0,641240.0,641230.0,641232.0,641246.0,641244.0,641246.0,641248.0,641243.0,641250.0,641247.0,641252.0,641275.0,641295.0,641290.0
'ADC_U_LOAD_GAIN_8',2753.0,2752.0,2753.0,2752.0,2752.0,2752.0,2752.0,2751.0,2751.0,2752.0,2752.0,2752.0,2752.0,2752.0,2752.0,2752.0,2752.0,2752.0,2753.0,2753.0
'ADC_U_LOAD_OFFSET_8',-560.0,-551.0,-546.0,-463.0,-492.0,-469.0,-483.0,-486.0,-515.0,-507.0,-482.0,-473.0,-481.0,-496.0,-494.0,-493.0,-497.0,-505.0,-550.0,-533.0
'ADC_U_REGULATOR_GAIN_8',1887.0,1886.0,1886.0,1886.0,1886.0,1886.0,1886.0,1886.0,1886.0,1887.0,1886.0,1886.0,1886.0,1887.0,1886.0,1886.0,1886.0,1887.0,1886.0,1886.0
'ADC_U_REGULATOR_OFFSET_8',-584.0,-597.0,-577.0,-536.0,-520.0,-545.0,-541.0,-543.0,-550.0,-529.0,-520.0,-552.0,-540.0,-531.0,-540.0,-541.0,-558.0,-545.0,-604.0,-588.0
'ADC_I_MON_GAIN_8',-296143.0,-295956.0,-296029.0,-296074.0,-295974.0,-296044.0,-295732.0,-295915.0,-295459.0,-296183.0,-296304.0,-295960.0,-295865.0,-295909.0,-295960.0,-295884.0,-295848.0,-295834.0,-295905.0,-295867.0
'ADC_I_MON_OFFSET_8',72.0,270.0,409.0,340.0,383.0,334.0,435.0,241.0,171.0,511.0,375.0,212.0,275.0,402.0,262.0,260.0,391.0,441.0,475.0,282.0
'DAC_CURRENT_GAIN_8',654.0,654.0,654.0,654.0,654.0,654.0,654.0,654.0,654.0,654.0,654.0,654.0,654.0,654.0,654.0,654.0,654.0,654.0,654.0,654.0
'DAC_CURRENT_OFFSET_8',54.0,54.0,55.0,54.0,54.0,54.0,54.0,54.0,54.0,54.0,54.0,54.0,54.0,54.0,54.0,54.0,54.0,53.0,54.0,54.0
9,9,9,9,9,9,9,9,9,9,9,9,9,9,9,9,9,9,9,9,9
'DAC_VOLTAGE_GAIN_9',-41596.0,-41598.0,-41599.0,-41610.0,-41610.0,-41608.0,-41608.0,-41608.0,-41609.0,-41606.0,-41607.0,-41607.0,-41605.0,-41605.0,-41605.0,-41606.0,-41606.0,-41605.0,-41597.0,-41597.0
'DAC_VOLTAGE_OFFSET_9',641515.0,641492.0,641499.0,641445.0,641452.0,641464.0,641472.0,641459.0,641465.0,641483.0,641476.0,641483.0,641476.0,641478.0,641479.0,641484.0,641492.0,641507.0,641535.0,641525.0
'ADC_U_LOAD_GAIN_9',2754.0,2754.0,2754.0,2753.0,2753.0,2753.0,2753.0,2753.0,2753.0,2753.0,2753.0,2753.0,2753.0,2754.0,2754.0,2754.0,2754.0,2754.0,2754.0,2754.0
'ADC_U_LOAD_OFFSET_9',-551.0,-485.0,-505.0,-460.0,-450.0,-446.0,-454.0,-450.0,-461.0,-475.0,-476.0,-483.0,-485.0,-470.0,-470.0,-464.0,-443.0,-500.0,-516.0,-528.0
'ADC_U_REGULATOR_GAIN_9',1887.0,1887.0,1887.0,1886.0,1886.0,1886.0,1886.0,1886.0,1886.0,1886.0,1886.0,1886.0,1887.0,1887.0,1887.0,1886.0,1886.0,1887.0,1887.0,1887.0
'ADC_U_REGULATOR_OFFSET_9',-557.0,-568.0,-557.0,-497.0,-495.0,-535.0,-516.0,-516.0,-519.0,-527.0,-531.0,-529.0,-506.0,-517.0,-520.0,-531.0,-538.0,-538.0,-566.0,-546.0
'ADC_I_MON_GAIN_9',-296327.0,-296338.0,-296386.0,-296281.0,-296040.0,-295972.0,-296093.0,-296084.0,-296253.0,-296126.0,-296598.0,-295800.0,-296123.0,-296098.0,-296158.0,-296628.0,-295898.0,-296024.0,-296023.0,-296345.0
'ADC_I_MON_OFFSET_9',-99.0,-123.0,-218.0,-212.0,-147.0,-44.0,-53.0,-46.0,-111.0,-59.0,-121.0,-326.0,-68.0,-94.0,126.0,-225.0,-121.0,-2.0,-142.0,-271.0
'DAC_CURRENT_GAIN_9',663.0,663.0,663.0,663.0,664.0,663.0,663.0,663.0,663.0,663.0,663.0,663.0,663.0,663.0,663.0,663.0,663.0,663.0,663.0,663.0
'DAC_CURRENT_OFFSET_9',-73.0,-73.0,-73.0,-74.0,-74.0,-73.0,-73.0,-74.0,-73.0,-73.0,-73.0,-73.0,-73.0,-74.0,-73.0,-74.0,-74.0,-73.0,-73.0,-73.0
10,10,10,10,10,10,10,10,10,10,10,10,10,10,10,10,10,10,10,10,10
'DAC_VOLTAGE_GAIN_10',-41585.0,-41587.0,-41587.0,-41598.0,-41599.0,-41596.0,-41596.0,-41597.0,-41597.0,-41595.0,-41595.0,-41596.0,-41594.0,-41594.0,-41594.0,-41595.0,-41594.0,-41594.0,-41586.0,-41586.0
'DAC_VOLTAGE_OFFSET_10',641406.0,641378.0,641387.0,641333.0,641339.0,641349.0,641354.0,641345.0,641348.0,641373.0,641364.0,641370.0,641360.0,641363.0,641365.0,641373.0,641372.0,641390.0,641415.0,641411.0
'ADC_U_LOAD_GAIN_10',2754.0,2754.0,2754.0,2754.0,2753.0,2754.0,2754.0,2754.0,2754.0,2754.0,2754.0,2754.0,2754.0,2754.0,2754.0,2754.0,2754.0,2754.0,2754.0,2754.0
'ADC_U_LOAD_OFFSET_10',-543.0,-488.0,-489.0,-434.0,-443.0,-452.0,-459.0,-434.0,-449.0,-469.0,-459.0,-452.0,-483.0,-470.0,-461.0,-465.0,-481.0,-493.0,-542.0,-521.0
'ADC_U_REGULATOR_GAIN_10',1887.0,1887.0,1887.0,1886.0,1886.0,1887.0,1886.0,1886.0,1886.0,1886.0,1887.0,1886.0,1886.0,1886.0,1887.0,1887.0,1886.0,1887.0,1887.0,1887.0
'ADC_U_REGULATOR_OFFSET_10',-528.0,-530.0,-524.0,-489.0,-511.0,-467.0,-504.0,-507.0,-497.0,-505.0,-510.0,-513.0,-527.0,-493.0,-499.0,-495.0,-516.0,-497.0,-525.0,-527.0
'ADC_I_MON_GAIN_10',-296443.0,-296505.0,-296538.0,-296498.0,-296715.0,-296244.0,-296740.0,-296449.0,-296274.0,-296194.0,-296384.0,-296758.0,-296133.0,-296657.0,-296695.0,-296363.0,-296107.0,-296521.0,-296473.0,-296390.0
'ADC_I_MON_OFFSET_10',439.0,621.0,583.0,559.0,557.0,538.0,632.0,588.0,705.0,564.0,1043.0,601.0,646.0,690.0,626.0,645.0,661.0,722.0,479.0,778.0
'DAC_CURRENT_GAIN_10',655.0,655.0,655.0,655.0,655.0,655.0,655.0,655.0,655.0,655.0,655.0,655.0,655.0,655.0,655.0,655.0,655.0,655.0,655.0,655.0
'DAC_CURRENT_OFFSET_10',-3.0,-3.0,-3.0,-4.0,-4.0,-3.0,-4.0,-3.0,-3.0,-3.0,-3.0,-3.0,-3.0,-3.0,-4.0,-4.0,-4.0,-3.0,-3.0,-3.0
11,11,11,11,11,11,11,11,11,11,11,11,11,11,11,11,11,11,11,11,11
'DAC_VOLTAGE_GAIN_11',-41592.0,-41594.0,-41594.0,-41605.0,-41605.0,-41603.0,-41603.0,-41603.0,-41604.0,-41601.0,-41602.0,-41602.0,-41600.0,-41601.0,-41601.0,-41602.0,-41601.0,-41600.0,-41592.0,-41593.0
'DAC_VOLTAGE_OFFSET_11',641533.0,641505.0,641509.0,641457.0,641460.0,641469.0,641482.0,641469.0,641477.0,641493.0,641484.0,641497.0,641486.0,641488.0,641492.0,641501.0,641500.0,641515.0,641537.0,641532.0
'ADC_U_LOAD_GAIN_11',2754.0,2754.0,2754.0,2753.0,2753.0,2753.0,2753.0,2753.0,2753.0,2753.0,2753.0,2754.0,2753.0,2754.0,2754.0,2753.0,2754.0,2753.0,2754.0,2754.0
'ADC_U_LOAD_OFFSET_11',-576.0,-582.0,-575.0,-502.0,-505.0,-506.0,-542.0,-484.0,-506.0,-525.0,-515.0,-493.0,-512.0,-501.0,-512.0,-541.0,-496.0,-535.0,-577.0,-572.0
'ADC_U_REGULATOR_GAIN_11',1887.0,1886.0,1886.0,1886.0,1886.0,1887.0,1886.0,1886.0,1886.0,1887.0,1886.0,1886.0,1886.0,1886.0,1886.0,1886.0,1887.0,1886.0,1887.0,1887.0
'ADC_U_REGULATOR_OFFSET_11',-504.0,-519.0,-510.0,-438.0,-452.0,-450.0,-450.0,-458.0,-458.0,-462.0,-457.0,-458.0,-469.0,-470.0,-467.0,-463.0,-451.0,-481.0,-512.0,-507.0
'ADC_I_MON_GAIN_11',-296903.0,-296945.0,-296780.0,-296798.0,-296440.0,-296763.0,-296436.0,-297084.0,-297115.0,-296576.0,-296385.0,-296920.0,-296615.0,-297059.0,-296855.0,-296707.0,-296963.0,-296673.0,-296724.0,-297150.0
'ADC_I_MON_OFFSET_11',107.0,184.0,166.0,110.0,257.0,370.0,300.0,211.0,164.0,230.0,140.0,308.0,264.0,167.0,280.0,69.0,485.0,290.0,262.0,322.0
'DAC_CURRENT_GAIN_11',654.0,654.0,654.0,654.0,654.0,654.0,654.0,654.0,654.0,654.0,654.0,654.0,654.0,654.0,654.0,654.0,654.0,654.0,654.0,654.0
'DAC_CURRENT_OFFSET_11',6.0,6.0,6.0,6.0,6.0,6.0,6.0,6.0,6.0,6.0,6.0,6.0,6.0,6.0,6.0,5.0,6.0,5.0,6.0,6.0
12,12,12,12,12,12,12,12,12,12,12,12,12,12,12,12,12,12,12,12,12
'DAC_VOLTAGE_GAIN_12',21965.0,21964.0,21964.0,21962.0,21962.0,21963.0,21963.0,21963.0,21963.0,21963.0,21963.0,21964.0,21963.0,21964.0,21964.0,21964.0,21964.0,21964.0,21965.0,21965.0
'DAC_VOLTAGE_OFFSET_12',262.0,240.0,237.0,138.0,139.0,157.0,160.0,152.0,153.0,176.0,171.0,173.0,178.0,178.0,179.0,174.0,179.0,190.0,264.0,258.0
'ADC_U_LOAD_GAIN_12',2608.0,2608.0,2607.0,2608.0,2608.0,2608.0,2607.0,2607.0,2607.0,2607.0,2607.0,2607.0,2608.0,2607.0,2607.0,2608.0,2608.0,2607.0,2607.0,2607.0
'ADC_U_LOAD_OFFSET_12',-583.0,-575.0,-539.0,-506.0,-520.0,-514.0,-472.0,-498.0,-503.0,-492.0,-475.0,-500.0,-539.0,-515.0,-533.0,-557.0,-545.0,-483.0,-539.0,-513.0
'ADC_U_REGULATOR_GAIN_12',2593.0,2593.0,2593.0,2593.0,2593.0,2593.0,2593.0,2594.0,2593.0,2593.0,2594.0,2594.0,2593.0,2593.0,2594.0,2593.0,2593.0,2593.0,2593.0,2593.0
'ADC_U_REGULATOR_OFFSET_12',-503.0,-527.0,-488.0,-487.0,-462.0,-446.0,-499.0,-508.0,-471.0,-496.0,-535.0,-518.0,-466.0,-472.0,-514.0,-494.0,-497.0,-485.0,-503.0,-516.0
'ADC_I_MON_GAIN_12',-296425.0,-297082.0,-296909.0,-295354.0,-296086.0,-295464.0,-296239.0,-296102.0,-296181.0,-296555.0,-296486.0,-295222.0,-297140.0,-295521.0,-295042.0,-296003.0,-296573.0,-296916.0,-297138.0,-297144.0
'ADC_I_MON_OFFSET_12',-1180.0,-430.0,267.0,-158.0,-229.0,-688.0,-709.0,596.0,-109.0,-280.0,-491.0,-497.0,-713.0,-177.0,-511.0,-420.0,-798.0,-424.0,-733.0,-1001.0
'DAC_CURRENT_GAIN_12',-674.0,-674.0,-674.0,-674.0,-674.0,-674.0,-674.0,-674.0,-674.0,-675.0,-674.0,-674.0,-674.0,-674.0,-674.0,-674.0,-674.0,-674.0,-674.0,-674.0
'DAC_CURRENT_OFFSET_12',19.0,19.0,20.0,19.0,19.0,19.0,19.0,19.0,20.0,20.0,19.0,19.0,19.0,19.0,19.0,19.0,19.0,19.0,20.0,20.0
13,13,13,13,13,13,13,13,13,13,13,13,13,13,13,13,13,13,13,13,13
'DAC_VOLTAGE_GAIN_13',-232877.0,-232901.0,-232903.0,-233022.0,-233020.0,-232999.0,-232997.0,-233006.0,-233004.0,-232980.0,-232983.0,-232980.0,-232976.0,-232972.0,-232972.0,-232977.0,-232975.0,-232964.0,-232884.0,-232889.0
'DAC_VOLTAGE_OFFSET_13',-4757.0,-4984.0,-4948.0,-5846.0,-5831.0,-5677.0,-5715.0,-5696.0,-5749.0,-5519.0,-5560.0,-5567.0,-5492.0,-5501.0,-5556.0,-5550.0,-5523.0,-5378.0,-4702.0,-4762.0
'ADC_U_LOAD_GAIN_13',431.0,431.0,431.0,431.0,431.0,431.0,431.0,431.0,431.0,431.0,431.0,431.0,431.0,431.0,431.0,431.0,431.0,431.0,432.0,431.0
'ADC_U_LOAD_OFFSET_13',1048.0,1073.0,1098.0,1150.0,1149.0,1077.0,1118.0,1106.0,1127.0,1110.0,1163.0,1080.0,1122.0,1097.0,1165.0,1177.0,1095.0,1174.0,1116.0,1073.0
'ADC_U_REGULATOR_GAIN_13',434.0,434.0,434.0,434.0,434.0,434.0,434.0,434.0,434.0,434.0,434.0,434.0,434.0,434.0,434.0,434.0,434.0,434.0,434.0,434.0
'ADC_U_REGULATOR_OFFSET_13',104.0,51.0,57.0,143.0,131.0,147.0,142.0,151.0,138.0,102.0,94.0,135.0,112.0,138.0,125.0,92.0,140.0,130.0,95.0,72.0
'ADC_I_MON_GAIN_13',-11974451.0,-11981041.0,-11962617.0,-11963082.0,-11966370.0,-11972143.0,-11964541.0,-11971301.0,-11970727.0,-11972275.0,-11959718.0,-11962230.0,-11966941.0,-11968412.0,-11967359.0,-11968128.0,-11961734.0,-11968186.0,-11975589.0,-11974963.0
'ADC_I_MON_OFFSET_13',4541.0,4503.0,4445.0,4531.0,4543.0,4427.0,4347.0,4460.0,4484.0,4427.0,4440.0,4444.0,4410.0,4463.0,4489.0,4458.0,4471.0,4391.0,4324.0,4366.0
'DAC_CURRENT_GAIN_13',10.0,10.0,10.0,10.0,10.0,10.0,10.0,10.0,10.0,10.0,10.0,10.0,10.0,10.0,10.0,10.0,10.0,10.0,10.0,10.0
'DAC_CURRENT_OFFSET_13',11.0,11.0,11.0,11.0,11.0,11.0,11.0,11.0,11.0,11.0,11.0,11.0,11.0,11.0,11.0,11.0,11.0,11.0,11.0,11.0
14,14,14,14,14,14,14,14,14,14,14,14,14,14,14,14,14,14,14,14,14
'DAC_VOLTAGE_GAIN_14',-21470.0,-21473.0,-21473.0,-21483.0,-21483.0,-21481.0,-21481.0,-21481.0,-21482.0,-21479.0,-21480.0,-21480.0,-21479.0,-21479.0,-21479.0,-21479.0,-21479.0,-21478.0,-21471.0,-21471.0
'DAC_VOLTAGE_OFFSET_14',-182.0,-211.0,-210.0,-315.0,-308.0,-293.0,-287.0,-293.0,-293.0,-269.0,-271.0,-271.0,-270.0,-269.0,-266.0,-269.0,-266.0,-257.0,-180.0,-186.0
'ADC_U_LOAD_GAIN_14',2606.0,2605.0,2606.0,2604.0,2605.0,2605.0,2604.0,2605.0,2605.0,2606.0,2605.0,2605.0,2605.0,2605.0,2605.0,2606.0,2605.0,2605.0,2606.0,2606.0
'ADC_U_LOAD_OFFSET_14',-464.0,-478.0,-466.0,-450.0,-435.0,-456.0,-507.0,-448.0,-413.0,-427.0,-457.0,-466.0,-483.0,-443.0,-475.0,-427.0,-462.0,-480.0,-503.0,-495.0
'ADC_U_REGULATOR_GAIN_14',2591.0,2591.0,2592.0,2590.0,2590.0,2590.0,2591.0,2590.0,2590.0,2591.0,2591.0,2591.0,2591.0,2590.0,2591.0,2590.0,2591.0,2590.0,2592.0,2591.0
'ADC_U_REGULATOR_OFFSET_14',-423.0,-435.0,-395.0,-414.0,-394.0,-397.0,-395.0,-412.0,-404.0,-374.0,-368.0,-389.0,-397.0,-422.0,-411.0,-429.0,-395.0,-434.0,-425.0,-463.0
'ADC_I_MON_GAIN_14',-297120.0,-296554.0,-297565.0,-296703.0,-297152.0,-297235.0,-296614.0,-297564.0,-296563.0,-297409.0,-297483.0,-297799.0,-296782.0,-297289.0,-297715.0,-297109.0,-297392.0,-296654.0,-297509.0,-296965.0
'ADC_I_MON_OFFSET_14',1573.0,1869.0,2249.0,2004.0,1812.0,1769.0,1759.0,1717.0,2155.0,1877.0,1936.0,1898.0,2046.0,2221.0,2242.0,2352.0,1893.0,1829.0,1774.0,2147.0
'DAC_CURRENT_GAIN_14',666.0,666.0,666.0,666.0,666.0,666.0,666.0,666.0,666.0,666.0,666.0,666.0,666.0,666.0,666.0,666.0,666.0,666.0,666.0,666.0
'DAC_CURRENT_OFFSET_14',-75.0,-75.0,-75.0,-75.0,-75.0,-75.0,-74.0,-75.0,-75.0,-75.0,-75.0,-75.0,-75.0,-75.0,-75.0,-75.0,-75.0,-75.0,-75.0,-75.0
15,15,15,15,15,15,15,15,15,15,15,15,15,15,15,15,15,15,15,15,15
'DAC_VOLTAGE_GAIN_15',43844.0,43845.0,43845.0,43850.0,43851.0,43850.0,43850.0,43850.0,43851.0,43850.0,43850.0,43850.0,43849.0,43849.0,43849.0,43850.0,43850.0,43850.0,43845.0,43846.0
'DAC_VOLTAGE_OFFSET_15',629.0,577.0,576.0,369.0,374.0,414.0,432.0,409.0,404.0,456.0,450.0,451.0,465.0,465.0,461.0,452.0,464.0,490.0,637.0,621.0
'ADC_U_LOAD_GAIN_15',1819.0,1819.0,1819.0,1819.0,1819.0,1819.0,1819.0,1819.0,1819.0,1819.0,1819.0,1819.0,1819.0,1819.0,1819.0,1819.0,1819.0,1819.0,1820.0,1819.0
'ADC_U_LOAD_OFFSET_15',-560.0,-583.0,-600.0,-530.0,-545.0,-570.0,-546.0,-573.0,-540.0,-565.0,-565.0,-569.0,-571.0,-592.0,-571.0,-583.0,-569.0,-547.0,-602.0,-621.0
'ADC_U_REGULATOR_GAIN_15',1808.0,1809.0,1808.0,1808.0,1808.0,1808.0,1808.0,1808.0,1808.0,1808.0,1808.0,1808.0,1808.0,1808.0,1808.0,1808.0,1808.0,1808.0,1808.0,1808.0
'ADC_U_REGULATOR_OFFSET_15',-578.0,-636.0,-548.0,-553.0,-525.0,-557.0,-555.0,-518.0,-510.0,-557.0,-525.0,-556.0,-565.0,-569.0,-554.0,-547.0,-548.0,-552.0,-581.0,-589.0
'ADC_I_MON_GAIN_15',-295508.0,-295892.0,-295566.0,-296285.0,-296401.0,-296344.0,-296371.0,-295407.0,-296270.0,-297176.0,-296304.0,-296117.0,-295714.0,-296638.0,-296072.0,-296859.0,-296184.0,-296154.0,-296556.0,-296268.0
'ADC_I_MON_OFFSET_15',27.0,436.0,-8.0,975.0,135.0,281.0,65.0,516.0,498.0,450.0,303.0,-1.0,495.0,60.0,-33.0,580.0,723.0,-75.0,339.0,-25.0
'DAC_CURRENT_GAIN_15',-669.0,-669.0,-669.0,-669.0,-669.0,-669.0,-670.0,-669.0,-669.0,-669.0,-669.0,-669.0,-669.0,-669.0,-669.0,-669.0,-669.0,-670.0,-669.0,-669.0
'DAC_CURRENT_OFFSET_15',-35.0,-35.0,-35.0,-36.0,-36.0,-35.0,-35.0,-36.0,-36.0,-35.0,-36.0,-36.0,-35.0,-35.0,-35.0,-35.0,-35.0,-35.0,-35.0,-35.0
16,16,16,16,16,16,16,16,16,16,16,16,16,16,16,16,16,16,16,16,16
'DAC_VOLTAGE_GAIN_16',-41571.0,-41573.0,-41573.0,-41584.0,-41584.0,-41582.0,-41583.0,-41583.0,-41583.0,-41581.0,-41581.0,-41581.0,-41580.0,-41580.0,-41580.0,-41581.0,-41581.0,-41580.0,-41572.0,-41572.0
'DAC_VOLTAGE_OFFSET_16',640975.0,640943.0,640946.0,640895.0,640900.0,640913.0,640927.0,640916.0,640914.0,640933.0,640934.0,640936.0,640934.0,640936.0,640935.0,640938.0,640940.0,640953.0,640981.0,640973.0
'ADC_U_LOAD_GAIN_16',2757.0,2757.0,2757.0,2756.0,2756.0,2757.0,2756.0,2756.0,2756.0,2757.0,2756.0,2756.0,2756.0,2756.0,2756.0,2756.0,2756.0,2756.0,2757.0,2757.0
'ADC_U_LOAD_OFFSET_16',-585.0,-556.0,-566.0,-522.0,-489.0,-503.0,-517.0,-536.0,-539.0,-500.0,-561.0,-520.0,-551.0,-558.0,-529.0,-518.0,-528.0,-565.0,-615.0,-557.0
'ADC_U_REGULATOR_GAIN_16',3048.0,3047.0,3047.0,3046.0,3047.0,3047.0,3047.0,3047.0,3047.0,3047.0,3047.0,3047.0,3046.0,3047.0,3047.0,3047.0,3047.0,3047.0,3047.0,3048.0
'ADC_U_REGULATOR_OFFSET_16',-651.0,-637.0,-626.0,-549.0,-562.0,-566.0,-578.0,-574.0,-565.0,-587.0,-554.0,-588.0,-591.0,-604.0,-586.0,-632.0,-592.0,-624.0,-641.0,-636.0
'ADC_I_MON_GAIN_16',-295024.0,-294175.0,-295823.0,-295663.0,-295284.0,-294885.0,-295206.0,-294715.0,-293988.0,-294555.0,-294315.0,-295051.0,-295420.0,-294439.0,-295179.0,-294788.0,-295153.0,-295061.0,-295538.0,-294986.0
'ADC_I_MON_OFFSET_16',-1256.0,-1856.0,-2076.0,-2040.0,-1884.0,-1817.0,-2086.0,-1356.0,-1615.0,-1674.0,-1754.0,-1894.0,-1833.0,-947.0,-1551.0,-2008.0,-1972.0,-2125.0,-1404.0,-1720.0
'DAC_CURRENT_GAIN_16',661.0,661.0,661.0,661.0,661.0,661.0,661.0,661.0,661.0,661.0,661.0,661.0,661.0,661.0,661.0,661.0,661.0,661.0,661.0,661.0
'DAC_CURRENT_OFFSET_16',-23.0,-23.0,-23.0,-23.0,-23.0,-24.0,-24.0,-23.0,-24.0,-23.0,-24.0,-23.0,-23.0,-23.0,-23.0,-23.0,-24.0,-24.0,-23.0,-23.0
17,17,17,17,17,17,17,17,17,17,17,17,17,17,17,17,17,17,17,17,17
'DAC_VOLTAGE_GAIN_17',-41560.0,-41562.0,-41562.0,-41573.0,-41573.0,-41571.0,-41571.0,-41572.0,-41572.0,-41570.0,-41570.0,-41570.0,-41569.0,-41569.0,-41569.0,-41570.0,-41569.0,-41569.0,-41560.0,-41561.0
'DAC_VOLTAGE_OFFSET_17',640661.0,640627.0,640635.0,640581.0,640584.0,640603.0,640615.0,640603.0,640600.0,640619.0,640616.0,640623.0,640624.0,640619.0,640624.0,640623.0,640629.0,640651.0,640667.0,640664.0
'ADC_U_LOAD_GAIN_17',2757.0,2756.0,2757.0,2756.0,2756.0,2756.0,2756.0,2756.0,2756.0,2756.0,2756.0,2756.0,2756.0,2756.0,2756.0,2756.0,2756.0,2756.0,2757.0,2757.0
'ADC_U_LOAD_OFFSET_17',-545.0,-567.0,-558.0,-480.0,-476.0,-544.0,-542.0,-533.0,-532.0,-548.0,-520.0,-524.0,-525.0,-517.0,-534.0,-528.0,-543.0,-535.0,-612.0,-566.0
'ADC_U_REGULATOR_GAIN_17',3048.0,3047.0,3048.0,3047.0,3046.0,3047.0,3047.0,3047.0,3047.0,3047.0,3047.0,3047.0,3047.0,3047.0,3047.0,3046.0,3047.0,3047.0,3048.0,3048.0
'ADC_U_REGULATOR_OFFSET_17',-641.0,-607.0,-606.0,-545.0,-535.0,-552.0,-585.0,-575.0,-576.0,-590.0,-571.0,-599.0,-579.0,-577.0,-586.0,-610.0,-586.0,-602.0,-635.0,-633.0
'ADC_I_MON_GAIN_17',-294674.0,-296144.0,-294477.0,-295426.0,-294248.0,-294409.0,-295114.0,-294984.0,-295598.0,-294973.0,-295352.0,-294829.0,-294830.0,-295474.0,-295338.0,-296001.0,-295776.0,-295815.0,-295200.0,-295027.0
'ADC_I_MON_OFFSET_17',-346.0,-1183.0,-421.0,-609.0,-429.0,-292.0,-929.0,-457.0,-724.0,-228.0,-349.0,-687.0,-388.0,-226.0,-439.0,-646.0,-291.0,-442.0,-556.0,-907.0
'DAC_CURRENT_GAIN_17',661.0,661.0,661.0,661.0,661.0,661.0,661.0,661.0,661.0,661.0,661.0,661.0,661.0,661.0,661.0,661.0,661.0,661.0,661.0,661.0
'DAC_CURRENT_OFFSET_17',-34.0,-34.0,-34.0,-35.0,-35.0,-35.0,-35.0,-35.0,-35.0,-35.0,-35.0,-35.0,-35.0,-35.0,-35.0,-35.0,-35.0,-35.0,-34.0,-34.0
18,18,18,18,18,18,18,18,18,18,18,18,18,18,18,18,18,18,18,18,18
'DAC_VOLTAGE_GAIN_18',-41562.0,-41564.0,-41564.0,-41576.0,-41576.0,-41574.0,-41574.0,-41574.0,-41574.0,-41572.0,-41573.0,-41572.0,-41571.0,-41572.0,-41572.0,-41572.0,-41572.0,-41571.0,-41563.0,-41563.0
'DAC_VOLTAGE_OFFSET_18',640922.0,640886.0,640893.0,640844.0,640847.0,640863.0,640870.0,640862.0,640859.0,640874.0,640876.0,640881.0,640879.0,640880.0,640884.0,640879.0,640885.0,640903.0,640926.0,640923.0
'ADC_U_LOAD_GAIN_18',2756.0,2756.0,2756.0,2756.0,2756.0,2755.0,2756.0,2756.0,2756.0,2756.0,2755.0,2756.0,2755.0,2755.0,2755.0,2756.0,2756.0,2755.0,2757.0,2756.0
'ADC_U_LOAD_OFFSET_18',-637.0,-622.0,-596.0,-546.0,-555.0,-551.0,-513.0,-547.0,-567.0,-560.0,-609.0,-571.0,-573.0,-559.0,-574.0,-566.0,-569.0,-599.0,-619.0,-642.0
'ADC_U_REGULATOR_GAIN_18',3048.0,3047.0,3047.0,3047.0,3047.0,3047.0,3047.0,3047.0,3047.0,3047.0,3047.0,3047.0,3046.0,3047.0,3047.0,3047.0,3047.0,3047.0,3048.0,3048.0
'ADC_U_REGULATOR_OFFSET_18',-631.0,-618.0,-606.0,-566.0,-580.0,-571.0,-576.0,-583.0,-554.0,-588.0,-573.0,-595.0,-622.0,-568.0,-600.0,-594.0,-586.0,-599.0,-635.0,-654.0
'ADC_I_MON_GAIN_18',-296330.0,-295466.0,-295831.0,-295869.0,-295395.0,-294194.0,-295163.0,-296245.0,-295124.0,-294608.0,-294373.0,-295869.0,-294884.0,-294479.0,-295471.0,-294906.0,-295441.0,-295818.0,-295090.0,-294739.0
'ADC_I_MON_OFFSET_18',-199.0,-763.0,-495.0,-575.0,-548.0,-348.0,-328.0,-786.0,217.0,-263.0,-363.0,-446.0,-482.0,-156.0,212.0,-248.0,-369.0,-77.0,-656.0,-192.0
'DAC_CURRENT_GAIN_18',659.0,659.0,659.0,659.0,659.0,659.0,659.0,659.0,659.0,659.0,659.0,659.0,659.0,659.0,659.0,659.0,659.0,659.0,659.0,659.0
'DAC_CURRENT_OFFSET_18',36.0,36.0,36.0,36.0,36.0,36.0,36.0,36.0,36.0,36.0,36.0,36.0,36.0,36.0,36.0,36.0,36.0,35.0,36.0,36.0
19,19,19,19,19,19,19,19,19,19,19,19,19,19,19,19,19,19,19,19,19
'DAC_VOLTAGE_GAIN_19',-41584.0,-41586.0,-41586.0,-41597.0,-41597.0,-41596.0,-41596.0,-41596.0,-41596.0,-41594.0,-41594.0,-41594.0,-41593.0,-41593.0,-41594.0,-41594.0,-41594.0,-41593.0,-41585.0,-41586.0
'DAC_VOLTAGE_OFFSET_19',641159.0,641124.0,641132.0,641081.0,641087.0,641102.0,641113.0,641105.0,641102.0,641119.0,641120.0,641122.0,641122.0,641120.0,641123.0,641119.0,641126.0,641153.0,641170.0,641169.0
'ADC_U_LOAD_GAIN_19',2756.0,2756.0,2756.0,2755.0,2755.0,2756.0,2755.0,2755.0,2756.0,2756.0,2756.0,2756.0,2755.0,2756.0,2755.0,2755.0,2755.0,2756.0,2756.0,2756.0
'ADC_U_LOAD_OFFSET_19',-647.0,-611.0,-639.0,-569.0,-588.0,-578.0,-570.0,-577.0,-571.0,-611.0,-587.0,-571.0,-616.0,-596.0,-613.0,-593.0,-581.0,-607.0,-631.0,-656.0
'ADC_U_REGULATOR_GAIN_19',3048.0,3047.0,3047.0,3047.0,3047.0,3047.0,3047.0,3047.0,3047.0,3047.0,3047.0,3047.0,3047.0,3047.0,3047.0,3047.0,3047.0,3047.0,3048.0,3048.0
'ADC_U_REGULATOR_OFFSET_19',-665.0,-646.0,-657.0,-573.0,-560.0,-597.0,-582.0,-592.0,-577.0,-603.0,-591.0,-590.0,-611.0,-613.0,-594.0,-582.0,-611.0,-621.0,-643.0,-643.0
'ADC_I_MON_GAIN_19',-294762.0,-294728.0,-295213.0,-294898.0,-295494.0,-294405.0,-295562.0,-294671.0,-294964.0,-294595.0,-295367.0,-294032.0,-295748.0,-295257.0,-294515.0,-294780.0,-294543.0,-294691.0,-294881.0,-295231.0
'ADC_I_MON_OFFSET_19',-480.0,-727.0,-832.0,-522.0,-281.0,-422.0,-815.0,-461.0,-172.0,-435.0,-138.0,-527.0,-258.0,-432.0,-745.0,-352.0,-491.0,-1.0,-260.0,-557.0
'DAC_CURRENT_GAIN_19',664.0,665.0,665.0,665.0,665.0,665.0,665.0,665.0,665.0,665.0,665.0,665.0,665.0,665.0,665.0,665.0,665.0,665.0,665.0,665.0
'DAC_CURRENT_OFFSET_19',27.0,27.0,27.0,27.0,27.0,27.0,27.0,27.0,27.0,27.0,27.0,27.0,27.0,27.0,27.0,27.0,27.0,27.0,27.0,27.0
20,20,20,20,20,20,20,20,20,20,20,20,20,20,20,20,20,20,20,20,20
'DAC_VOLTAGE_GAIN_20',55700.0,55697.0,55697.0,55711.0,55711.0,55710.0,55710.0,55710.0,55711.0,55709.0,55709.0,55710.0,55708.0,55707.0,55708.0,55709.0,55708.0,55704.0,55700.0,55700.0
'DAC_VOLTAGE_OFFSET_20',820.0,818.0,823.0,504.0,509.0,552.0,560.0,545.0,541.0,588.0,588.0,594.0,607.0,624.0,619.0,593.0,621.0,680.0,817.0,820.0
'ADC_U_LOAD_GAIN_20',1480.0,1481.0,1480.0,1480.0,1480.0,1480.0,1480.0,1480.0,1481.0,1480.0,1480.0,1481.0,1481.0,1481.0,1480.0,1480.0,1480.0,1481.0,1480.0,1480.0
'ADC_U_LOAD_OFFSET_20',-652.0,-685.0,-646.0,-619.0,-630.0,-643.0,-627.0,-647.0,-671.0,-626.0,-650.0,-679.0,-680.0,-642.0,-657.0,-675.0,-674.0,-688.0,-665.0,-651.0
'ADC_U_REGULATOR_GAIN_20',1480.0,1480.0,1480.0,1480.0,1479.0,1480.0,1480.0,1480.0,1480.0,1480.0,1480.0,1480.0,1480.0,1480.0,1480.0,1480.0,1480.0,1480.0,1480.0,1480.0
'ADC_U_REGULATOR_OFFSET_20',-772.0,-735.0,-697.0,-713.0,-667.0,-710.0,-726.0,-726.0,-732.0,-769.0,-714.0,-701.0,-710.0,-742.0,-751.0,-736.0,-688.0,-722.0,-775.0,-759.0
'ADC_I_MON_GAIN_20',-294170.0,-294622.0,-294763.0,-294178.0,-294329.0,-294794.0,-295640.0,-295466.0,-294487.0,-293861.0,-294295.0,-295349.0,-296066.0,-293698.0,-293847.0,-295490.0,-294125.0,-294855.0,-296256.0,-295151.0
'ADC_I_MON_OFFSET_20',812.0,758.0,1220.0,290.0,372.0,547.0,251.0,755.0,444.0,701.0,613.0,785.0,541.0,462.0,904.0,402.0,610.0,-157.0,600.0,596.0
'DAC_CURRENT_GAIN_20',-671.0,-671.0,-671.0,-671.0,-672.0,-672.0,-672.0,-672.0,-672.0,-672.0,-672.0,-672.0,-672.0,-672.0,-671.0,-672.0,-671.0,-672.0,-672.0,-672.0
'DAC_CURRENT_OFFSET_20',-34.0,-34.0,-34.0,-35.0,-35.0,-34.0,-34.0,-34.0,-34.0,-34.0,-34.0,-34.0,-34.0,-34.0,-34.0,-34.0,-34.0,-34.0,-34.0,-34.0
21,21,21,21,21,21,21,21,21,21,21,21,21,21,21,21,21,21,21,21,21
'DAC_VOLTAGE_GAIN_21',-43035.0,-43037.0,-43038.0,-43051.0,-43051.0,-43048.0,-43048.0,-43049.0,-43049.0,-43046.0,-43047.0,-43047.0,-43045.0,-43045.0,-43046.0,-43046.0,-43046.0,-43044.0,-43035.0,-43036.0
'DAC_VOLTAGE_OFFSET_21',-521.0,-572.0,-572.0,-758.0,-753.0,-719.0,-706.0,-722.0,-727.0,-681.0,-686.0,-682.0,-671.0,-672.0,-673.0,-682.0,-675.0,-643.0,-522.0,-531.0
'ADC_U_LOAD_GAIN_21',2555.0,2555.0,2555.0,2555.0,2555.0,2555.0,2555.0,2555.0,2554.0,2556.0,2555.0,2555.0,2555.0,2555.0,2555.0,2555.0,2555.0,2555.0,2556.0,2556.0
'ADC_U_LOAD_OFFSET_21',-580.0,-568.0,-594.0,-501.0,-502.0,-472.0,-513.0,-532.0,-540.0,-472.0,-535.0,-509.0,-515.0,-546.0,-532.0,-528.0,-547.0,-553.0,-541.0,-556.0
'ADC_U_REGULATOR_GAIN_21',2555.0,2555.0,2554.0,2554.0,2554.0,2554.0,2554.0,2554.0,2554.0,2554.0,2554.0,2555.0,2555.0,2555.0,2553.0,2555.0,2554.0,2554.0,2555.0,2555.0
'ADC_U_REGULATOR_OFFSET_21',-689.0,-659.0,-693.0,-657.0,-604.0,-636.0,-642.0,-626.0,-661.0,-648.0,-615.0,-570.0,-596.0,-596.0,-708.0,-597.0,-643.0,-640.0,-664.0,-709.0
'ADC_I_MON_GAIN_21',-295341.0,-295246.0,-295647.0,-294888.0,-294705.0,-296092.0,-297098.0,-294696.0,-296488.0,-295714.0,-295758.0,-296293.0,-294193.0,-293294.0,-294000.0,-294915.0,-294517.0,-294811.0,-296216.0,-294732.0
'ADC_I_MON_OFFSET_21',-1139.0,-819.0,-368.0,-650.0,-1022.0,-442.0,-313.0,-794.0,-1225.0,-980.0,-702.0,-796.0,-491.0,-758.0,-1329.0,-1339.0,-881.0,-820.0,-188.0,-781.0
'DAC_CURRENT_GAIN_21',655.0,655.0,655.0,655.0,655.0,655.0,655.0,655.0,655.0,655.0,655.0,655.0,655.0,655.0,655.0,655.0,655.0,655.0,655.0,655.0
'DAC_CURRENT_OFFSET_21',-1.0,-1.0,-1.0,-1.0,-1.0,-1.0,-1.0,-1.0,-1.0,-1.0,-1.0,-1.0,-1.0,-1.0,-1.0,-1.0,-1.0,-1.0,-1.0,-1.0
22,22,22,22,22,22,22,22,22,22,22,22,22,22,22,22,22,22,22,22,22
'DAC_VOLTAGE_GAIN_22',-43048.0,-43050.0,-43050.0,-43064.0,-43064.0,-43061.0,-43061.0,-43062.0,-43062.0,-43059.0,-43060.0,-43060.0,-43058.0,-43058.0,-43059.0,-43059.0,-43059.0,-43057.0,-43048.0,-43049.0
'DAC_VOLTAGE_OFFSET_22',-478.0,-527.0,-524.0,-711.0,-707.0,-667.0,-661.0,-679.0,-681.0,-639.0,-641.0,-639.0,-630.0,-624.0,-630.0,-633.0,-627.0,-594.0,-479.0,-482.0
'ADC_U_LOAD_GAIN_22',2555.0,2555.0,2556.0,2555.0,2555.0,2555.0,2555.0,2555.0,2554.0,2555.0,2555.0,2555.0,2555.0,2555.0,2555.0,2555.0,2555.0,2556.0,2556.0,2556.0
'ADC_U_LOAD_OFFSET_22',-600.0,-538.0,-530.0,-505.0,-513.0,-516.0,-482.0,-488.0,-566.0,-509.0,-571.0,-538.0,-520.0,-539.0,-551.0,-508.0,-536.0,-519.0,-545.0,-561.0
'ADC_U_REGULATOR_GAIN_22',2555.0,2555.0,2554.0,2554.0,2554.0,2554.0,2554.0,2554.0,2554.0,2554.0,2555.0,2554.0,2554.0,2554.0,2554.0,2554.0,2554.0,2554.0,2555.0,2555.0
'ADC_U_REGULATOR_OFFSET_22',-681.0,-657.0,-680.0,-587.0,-609.0,-631.0,-632.0,-620.0,-595.0,-654.0,-575.0,-678.0,-649.0,-626.0,-666.0,-632.0,-617.0,-645.0,-649.0,-637.0
'ADC_I_MON_GAIN_22',-292676.0,-294404.0,-293487.0,-294968.0,-295069.0,-295014.0,-295430.0,-293492.0,-294394.0,-295532.0,-294213.0,-295586.0,-294713.0,-296792.0,-294599.0,-293763.0,-295560.0,-295372.0,-295180.0,-295674.0
'ADC_I_MON_OFFSET_22',-2790.0,-2260.0,-2281.0,-2146.0,-2843.0,-2271.0,-2389.0,-1686.0,-2755.0,-1847.0,-2635.0,-2518.0,-2405.0,-1778.0,-2021.0,-2163.0,-2359.0,-2481.0,-2074.0,-2207.0
'DAC_CURRENT_GAIN_22',661.0,661.0,661.0,661.0,661.0,661.0,661.0,661.0,661.0,661.0,661.0,661.0,661.0,661.0,661.0,661.0,661.0,661.0,661.0,661.0
'DAC_CURRENT_OFFSET_22',5.0,5.0,5.0,5.0,5.0,5.0,5.0,5.0,5.0,5.0,5.0,5.0,5.0,5.0,5.0,5.0,5.0,5.0,5.0,5.0
23,23,23,23,23,23,23,23,23,23,23,23,23,23,23,23,23,23,23,23,23
'DAC_VOLTAGE_GAIN_23',55717.0,55714.0,55714.0,55728.0,55728.0,55727.0,55727.0,55727.0,55727.0,55726.0,55725.0,55725.0,55724.0,55725.0,55725.0,55726.0,55725.0,55721.0,55718.0,55717.0
'DAC_VOLTAGE_OFFSET_23',782.0,782.0,782.0,472.0,479.0,523.0,531.0,512.0,509.0,557.0,570.0,576.0,585.0,588.0,588.0,559.0,586.0,662.0,780.0,781.0
'ADC_U_LOAD_GAIN_23',1481.0,1481.0,1481.0,1480.0,1481.0,1481.0,1480.0,1481.0,1480.0,1480.0,1481.0,1480.0,1481.0,1481.0,1480.0,1480.0,1480.0,1481.0,1480.0,1481.0
'ADC_U_LOAD_OFFSET_23',-771.0,-749.0,-787.0,-679.0,-730.0,-741.0,-685.0,-742.0,-706.0,-698.0,-769.0,-716.0,-737.0,-755.0,-723.0,-690.0,-711.0,-728.0,-728.0,-776.0
'ADC_U_REGULATOR_GAIN_23',1480.0,1480.0,1480.0,1480.0,1480.0,1480.0,1480.0,1480.0,1480.0,1480.0,1480.0,1480.0,1480.0,1480.0,1480.0,1480.0,1480.0,1480.0,1480.0,1480.0
'ADC_U_REGULATOR_OFFSET_23',-816.0,-753.0,-823.0,-732.0,-773.0,-748.0,-756.0,-774.0,-752.0,-748.0,-778.0,-762.0,-750.0,-808.0,-757.0,-729.0,-732.0,-727.0,-763.0,-790.0
'ADC_I_MON_GAIN_23',-295174.0,-294672.0,-296007.0,-294755.0,-295168.0,-295355.0,-294146.0,-296143.0,-295435.0,-294720.0,-294956.0,-294841.0,-294656.0,-296263.0,-295133.0,-295948.0,-296455.0,-295697.0,-294682.0,-293897.0
'ADC_I_MON_OFFSET_23',1062.0,537.0,390.0,397.0,-179.0,-724.0,689.0,-194.0,-35.0,-846.0,-27.0,-109.0,-65.0,-68.0,515.0,-210.0,183.0,122.0,-50.0,-300.0
'DAC_CURRENT_GAIN_23',-670.0,-670.0,-670.0,-670.0,-670.0,-670.0,-670.0,-670.0,-670.0,-670.0,-670.0,-670.0,-670.0,-670.0,-670.0,-670.0,-670.0,-670.0,-670.0,-670.0
'DAC_CURRENT_OFFSET_23',6.0,6.0,6.0,7.0,7.0,7.0,7.0,8.0,8.0,8.0,8.0,7.0,7.0,7.0,8.0,8.0,8.0,7.0,7.0,7.0
