0,0,0,0,0,0,0,0,0,0,0,0,0,0,0,0,0,0,0,0,0
'DAC_VOLTAGE_GAIN_0',1.0,1.0,1.0,1.0,1.0,1.0,1.0,1.0,1.0,1.0,1.0,1.0,1.0,1.0,1.0,1.0,1.0,1.0,1.0,1.0
'DAC_VOLTAGE_OFFSET_0',7.0,7.0,7.0,7.0,7.0,7.0,7.0,7.0,7.0,7.0,7.0,7.0,7.0,7.0,7.0,7.0,7.0,7.0,7.0,7.0
'ADC_U_LOAD_GAIN_0',1.0,2.0,1.0,1.0,1.0,1.0,1.0,1.0,1.0,1.0,1.0,2.0,1.0,1.0,2.0,1.0,1.0,1.0,1.0,1.0
'ADC_U_LOAD_OFFSET_0',16.0,18.0,17.0,15.0,17.0,18.0,15.0,17.0,17.0,16.0,15.0,18.0,16.0,16.0,18.0,17.0,15.0,16.0,17.0,15.0
'ADC_U_REGULATOR_GAIN_0',2.0,1.0,1.0,1.0,1.0,2.0,1.0,1.0,1.0,1.0,1.0,2.0,1.0,1.0,1.0,2.0,1.0,2.0,2.0,2.0
'ADC_U_REGULATOR_OFFSET_0',20.0,13.0,17.0,15.0,14.0,19.0,18.0,15.0,15.0,15.0,15.0,17.0,17.0,17.0,17.0,19.0,17.0,18.0,18.0,19.0
'ADC_I_MON_GAIN_0',23.0,34.0,11.0,21.0,31.0,25.0,23.0,23.0,26.0,22.0,30.0,22.0,31.0,27.0,25.0,27.0,30.0,27.0,24.0,23.0
'ADC_I_MON_OFFSET_0',114.0,167.0,62.0,103.0,155.0,121.0,114.0,114.0,126.0,106.0,149.0,108.0,152.0,132.0,126.0,131.0,149.0,131.0,114.0,114.0
'DAC_CURRENT_GAIN_0',3.0,3.0,3.0,3.0,3.0,3.0,3.0,3.0,3.0,3.0,3.0,3.0,3.0,3.0,3.0,3.0,3.0,3.0,3.0,3.0
'DAC_CURRENT_OFFSET_0',23.0,23.0,22.0,23.0,21.0,21.0,21.0,21.0,21.0,21.0,21.0,22.0,21.0,21.0,21.0,21.0,21.0,22.0,21.0,22.0
1,1,1,1,1,1,1,1,1,1,1,1,1,1,1,1,1,1,1,1,1
'DAC_VOLTAGE_GAIN_1',1.0,1.0,1.0,1.0,1.0,1.0,1.0,1.0,1.0,1.0,1.0,1.0,1.0,1.0,1.0,1.0,1.0,1.0,1.0,1.0
'DAC_VOLTAGE_OFFSET_1',7.0,7.0,7.0,7.0,7.0,7.0,7.0,7.0,7.0,7.0,7.0,7.0,7.0,7.0,7.0,7.0,7.0,7.0,7.0,7.0
'ADC_U_LOAD_GAIN_1',1.0,1.0,1.0,1.0,1.0,1.0,1.0,1.0,1.0,1.0,1.0,1.0,1.0,1.0,1.0,2.0,2.0,1.0,1.0,1.0
'ADC_U_LOAD_OFFSET_1',14.0,17.0,16.0,16.0,15.0,15.0,15.0,17.0,15.0,17.0,15.0,15.0,16.0,16.0,15.0,19.0,19.0,16.0,13.0,14.0
'ADC_U_REGULATOR_GAIN_1',1.0,1.0,1.0,1.0,1.0,1.0,1.0,1.0,1.0,1.0,1.0,1.0,1.0,1.0,1.0,1.0,1.0,2.0,2.0,1.0
'ADC_U_REGULATOR_OFFSET_1',16.0,15.0,16.0,17.0,15.0,16.0,15.0,17.0,14.0,14.0,18.0,18.0,16.0,13.0,16.0,16.0,16.0,18.0,19.0,14.0
'ADC_I_MON_GAIN_1',1428.0,1128.0,2285.0,1014.0,1839.0,2245.0,2743.0,4018.0,2619.0,4035.0,2274.0,2274.0,3436.0,2839.0,2797.0,2839.0,2839.0,3346.0,2342.0,3450.0
'ADC_I_MON_OFFSET_1',871.0,684.0,1354.0,612.0,1155.0,1378.0,1717.0,2496.0,1613.0,2564.0,1458.0,1458.0,2170.0,1783.0,1762.0,1835.0,1835.0,2149.0,1466.0,2120.0
'DAC_CURRENT_GAIN_1',0.0,0.0,0.0,0.0,0.0,0.0,0.0,0.0,0.0,0.0,0.0,0.0,0.0,0.0,0.0,0.0,0.0,0.0,0.0,0.0
'DAC_CURRENT_OFFSET_1',1.0,1.0,1.0,1.0,1.0,1.0,1.0,1.0,1.0,1.0,1.0,1.0,1.0,1.0,1.0,1.0,1.0,1.0,1.0,1.0
2,2,2,2,2,2,2,2,2,2,2,2,2,2,2,2,2,2,2,2,2
'DAC_VOLTAGE_GAIN_2',1.0,1.0,1.0,1.0,1.0,1.0,1.0,1.0,1.0,1.0,1.0,1.0,1.0,1.0,1.0,1.0,1.0,1.0,1.0,1.0
'DAC_VOLTAGE_OFFSET_2',7.0,7.0,7.0,7.0,7.0,7.0,7.0,7.0,7.0,7.0,7.0,7.0,7.0,7.0,7.0,7.0,7.0,7.0,7.0,7.0
'ADC_U_LOAD_GAIN_2',1.0,1.0,1.0,1.0,1.0,1.0,1.0,1.0,1.0,1.0,1.0,1.0,1.0,1.0,1.0,1.0,1.0,1.0,1.0,1.0
'ADC_U_LOAD_OFFSET_2',13.0,15.0,16.0,15.0,14.0,14.0,15.0,13.0,17.0,12.0,18.0,18.0,14.0,16.0,12.0,13.0,13.0,16.0,14.0,17.0
'ADC_U_REGULATOR_GAIN_2',1.0,1.0,1.0,2.0,1.0,1.0,1.0,1.0,2.0,1.0,1.0,1.0,1.0,1.0,1.0,2.0,2.0,1.0,1.0,2.0
'ADC_U_REGULATOR_OFFSET_2',16.0,17.0,16.0,18.0,18.0,15.0,15.0,16.0,19.0,15.0,16.0,16.0,16.0,16.0,16.0,18.0,18.0,16.0,17.0,19.0
'ADC_I_MON_GAIN_2',12.0,14.0,26.0,19.0,21.0,24.0,26.0,25.0,23.0,24.0,27.0,27.0,21.0,24.0,19.0,23.0,23.0,21.0,22.0,22.0
'ADC_I_MON_OFFSET_2',93.0,106.0,193.0,148.0,166.0,188.0,197.0,197.0,176.0,191.0,211.0,211.0,153.0,188.0,150.0,176.0,176.0,161.0,172.0,170.0
'DAC_CURRENT_GAIN_2',4.0,4.0,4.0,4.0,4.0,4.0,4.0,4.0,4.0,4.0,4.0,4.0,4.0,4.0,4.0,4.0,4.0,4.0,4.0,4.0
'DAC_CURRENT_OFFSET_2',33.0,33.0,33.0,34.0,33.0,33.0,33.0,33.0,34.0,33.0,33.0,33.0,33.0,33.0,33.0,33.0,33.0,33.0,33.0,33.0
3,3,3,3,3,3,3,3,3,3,3,3,3,3,3,3,3,3,3,3,3
'DAC_VOLTAGE_GAIN_3',0.0,0.0,0.0,0.0,0.0,0.0,0.0,0.0,0.0,0.0,0.0,0.0,0.0,0.0,0.0,0.0,0.0,0.0,0.0,0.0
'DAC_VOLTAGE_OFFSET_3',2.0,2.0,2.0,2.0,2.0,2.0,2.0,2.0,2.0,2.0,2.0,2.0,2.0,2.0,2.0,2.0,2.0,2.0,2.0,2.0
'ADC_U_LOAD_GAIN_3',2.0,1.0,2.0,2.0,1.0,2.0,2.0,1.0,2.0,2.0,2.0,2.0,2.0,2.0,2.0,2.0,2.0,1.0,1.0,2.0
'ADC_U_LOAD_OFFSET_3',17.0,14.0,16.0,16.0,13.0,15.0,15.0,13.0,16.0,15.0,16.0,16.0,17.0,14.0,16.0,16.0,16.0,13.0,12.0,16.0
'ADC_U_REGULATOR_GAIN_3',2.0,2.0,2.0,2.0,2.0,2.0,2.0,2.0,2.0,2.0,2.0,2.0,2.0,2.0,2.0,2.0,2.0,2.0,2.0,2.0
'ADC_U_REGULATOR_OFFSET_3',19.0,20.0,16.0,17.0,17.0,19.0,17.0,16.0,17.0,17.0,16.0,16.0,20.0,15.0,17.0,19.0,19.0,19.0,17.0,18.0
'ADC_I_MON_GAIN_3',4.0,3.0,4.0,4.0,3.0,3.0,3.0,4.0,4.0,4.0,3.0,3.0,4.0,3.0,4.0,4.0,4.0,4.0,4.0,3.0
'ADC_I_MON_OFFSET_3',30.0,26.0,28.0,30.0,26.0,26.0,27.0,28.0,29.0,29.0,26.0,26.0,28.0,23.0,29.0,28.0,28.0,32.0,28.0,27.0
'DAC_CURRENT_GAIN_3',3.0,3.0,3.0,3.0,3.0,3.0,3.0,3.0,3.0,3.0,3.0,3.0,3.0,3.0,3.0,3.0,3.0,3.0,3.0,3.0
'DAC_CURRENT_OFFSET_3',27.0,27.0,27.0,27.0,27.0,27.0,27.0,27.0,27.0,27.0,27.0,27.0,27.0,27.0,27.0,27.0,27.0,27.0,27.0,27.0
4,4,4,4,4,4,4,4,4,4,4,4,4,4,4,4,4,4,4,4,4
'DAC_VOLTAGE_GAIN_4',1.0,1.0,1.0,1.0,1.0,1.0,1.0,1.0,1.0,1.0,1.0,1.0,1.0,1.0,1.0,1.0,1.0,1.0,1.0,1.0
'DAC_VOLTAGE_OFFSET_4',7.0,7.0,7.0,7.0,7.0,7.0,7.0,7.0,7.0,7.0,7.0,7.0,7.0,7.0,7.0,7.0,7.0,7.0,7.0,7.0
'ADC_U_LOAD_GAIN_4',1.0,1.0,2.0,1.0,2.0,2.0,2.0,1.0,2.0,2.0,2.0,2.0,2.0,2.0,2.0,2.0,2.0,2.0,2.0,2.0
'ADC_U_LOAD_OFFSET_4',12.0,12.0,16.0,11.0,15.0,14.0,15.0,12.0,14.0,13.0,13.0,13.0,14.0,14.0,16.0,14.0,14.0,14.0,14.0,15.0
'ADC_U_REGULATOR_GAIN_4',2.0,2.0,2.0,2.0,2.0,2.0,2.0,2.0,2.0,2.0,2.0,2.0,2.0,2.0,2.0,2.0,2.0,2.0,2.0,2.0
'ADC_U_REGULATOR_OFFSET_4',14.0,14.0,14.0,15.0,17.0,18.0,17.0,14.0,15.0,17.0,14.0,14.0,15.0,15.0,16.0,16.0,16.0,18.0,16.0,13.0
'ADC_I_MON_GAIN_4',4.0,3.0,4.0,4.0,4.0,4.0,4.0,4.0,3.0,4.0,4.0,4.0,3.0,4.0,4.0,3.0,3.0,4.0,4.0,4.0
'ADC_I_MON_OFFSET_4',29.0,26.0,28.0,33.0,32.0,30.0,31.0,28.0,26.0,30.0,29.0,29.0,24.0,30.0,28.0,25.0,25.0,29.0,33.0,29.0
'DAC_CURRENT_GAIN_4',4.0,4.0,4.0,4.0,4.0,4.0,4.0,4.0,4.0,4.0,4.0,4.0,4.0,4.0,4.0,4.0,4.0,4.0,4.0,4.0
'DAC_CURRENT_OFFSET_4',35.0,35.0,35.0,35.0,35.0,35.0,35.0,35.0,35.0,35.0,35.0,35.0,35.0,35.0,35.0,35.0,35.0,35.0,35.0,35.0
5,5,5,5,5,5,5,5,5,5,5,5,5,5,5,5,5,5,5,5,5
'DAC_VOLTAGE_GAIN_5',1.0,1.0,1.0,1.0,1.0,1.0,1.0,1.0,1.0,1.0,1.0,1.0,1.0,1.0,1.0,1.0,1.0,1.0,1.0,1.0
'DAC_VOLTAGE_OFFSET_5',13.0,13.0,14.0,15.0,13.0,13.0,13.0,13.0,13.0,12.0,12.0,12.0,12.0,12.0,12.0,12.0,12.0,12.0,12.0,12.0
'ADC_U_LOAD_GAIN_5',0.0,0.0,0.0,0.0,0.0,0.0,0.0,0.0,0.0,0.0,0.0,0.0,0.0,0.0,0.0,0.0,0.0,0.0,0.0,0.0
'ADC_U_LOAD_OFFSET_5',12.0,12.0,14.0,13.0,12.0,13.0,13.0,10.0,15.0,15.0,13.0,13.0,13.0,14.0,15.0,13.0,13.0,14.0,14.0,14.0
'ADC_U_REGULATOR_GAIN_5',0.0,0.0,0.0,0.0,0.0,0.0,0.0,0.0,0.0,0.0,0.0,0.0,0.0,0.0,0.0,0.0,0.0,0.0,0.0,0.0
'ADC_U_REGULATOR_OFFSET_5',15.0,15.0,13.0,13.0,16.0,12.0,13.0,14.0,12.0,15.0,14.0,14.0,13.0,13.0,12.0,15.0,15.0,15.0,16.0,16.0
'ADC_I_MON_GAIN_5',497.0,518.0,494.0,474.0,730.0,907.0,752.0,886.0,693.0,747.0,839.0,839.0,718.0,744.0,794.0,761.0,761.0,759.0,792.0,1071.0
'ADC_I_MON_OFFSET_5',313.0,328.0,273.0,243.0,383.0,458.0,383.0,462.0,349.0,357.0,437.0,437.0,359.0,374.0,406.0,385.0,385.0,389.0,391.0,507.0
'DAC_CURRENT_GAIN_5',0.0,0.0,0.0,0.0,0.0,0.0,0.0,0.0,0.0,0.0,0.0,0.0,0.0,0.0,0.0,0.0,0.0,0.0,0.0,0.0
'DAC_CURRENT_OFFSET_5',3.0,3.0,4.0,4.0,4.0,4.0,4.0,4.0,4.0,4.0,4.0,4.0,4.0,4.0,4.0,4.0,4.0,4.0,4.0,4.0
6,6,6,6,6,6,6,6,6,6,6,6,6,6,6,6,6,6,6,6,6
'DAC_VOLTAGE_GAIN_6',1.0,1.0,1.0,1.0,1.0,1.0,1.0,1.0,1.0,1.0,1.0,1.0,1.0,1.0,1.0,1.0,1.0,1.0,1.0,1.0
'DAC_VOLTAGE_OFFSET_6',7.0,7.0,8.0,8.0,7.0,7.0,7.0,7.0,7.0,7.0,7.0,7.0,7.0,7.0,7.0,7.0,7.0,7.0,7.0,7.0
'ADC_U_LOAD_GAIN_6',1.0,1.0,1.0,1.0,1.0,1.0,1.0,1.0,1.0,1.0,1.0,1.0,1.0,1.0,1.0,1.0,1.0,1.0,1.0,1.0
'ADC_U_LOAD_OFFSET_6',14.0,15.0,14.0,14.0,18.0,15.0,14.0,15.0,14.0,15.0,14.0,14.0,17.0,15.0,14.0,15.0,15.0,14.0,15.0,17.0
'ADC_U_REGULATOR_GAIN_6',1.0,1.0,1.0,1.0,1.0,1.0,1.0,1.0,1.0,1.0,1.0,1.0,1.0,1.0,1.0,1.0,1.0,1.0,1.0,1.0
'ADC_U_REGULATOR_OFFSET_6',16.0,17.0,17.0,17.0,15.0,15.0,16.0,13.0,17.0,14.0,16.0,16.0,14.0,14.0,15.0,16.0,16.0,14.0,11.0,15.0
'ADC_I_MON_GAIN_6',15.0,16.0,20.0,16.0,25.0,30.0,30.0,30.0,28.0,31.0,31.0,31.0,26.0,35.0,29.0,31.0,31.0,34.0,29.0,34.0
'ADC_I_MON_OFFSET_6',121.0,127.0,162.0,129.0,202.0,239.0,242.0,242.0,219.0,247.0,247.0,247.0,209.0,277.0,227.0,243.0,243.0,272.0,227.0,265.0
'DAC_CURRENT_GAIN_6',4.0,4.0,4.0,4.0,4.0,4.0,4.0,4.0,4.0,4.0,4.0,4.0,4.0,4.0,4.0,4.0,4.0,4.0,4.0,4.0
'DAC_CURRENT_OFFSET_6',31.0,31.0,31.0,31.0,31.0,30.0,31.0,31.0,31.0,31.0,31.0,31.0,31.0,31.0,31.0,31.0,31.0,31.0,31.0,31.0
7,7,7,7,7,7,7,7,7,7,7,7,7,7,7,7,7,7,7,7,7
'DAC_VOLTAGE_GAIN_7',1.0,1.0,1.0,1.0,1.0,1.0,1.0,1.0,1.0,1.0,1.0,1.0,1.0,1.0,1.0,1.0,1.0,1.0,1.0,1.0
'DAC_VOLTAGE_OFFSET_7',7.0,7.0,7.0,7.0,7.0,7.0,7.0,7.0,7.0,7.0,7.0,7.0,7.0,7.0,7.0,7.0,7.0,7.0,7.0,7.0
'ADC_U_LOAD_GAIN_7',3.0,3.0,3.0,2.0,3.0,3.0,3.0,3.0,3.0,3.0,3.0,3.0,3.0,3.0,3.0,3.0,3.0,3.0,3.0,3.0
'ADC_U_LOAD_OFFSET_7',27.0,32.0,34.0,25.0,27.0,36.0,28.0,29.0,29.0,30.0,31.0,31.0,32.0,29.0,32.0,29.0,29.0,32.0,28.0,32.0
'ADC_U_REGULATOR_GAIN_7',2.0,2.0,2.0,2.0,2.0,2.0,1.0,1.0,2.0,2.0,2.0,2.0,2.0,2.0,2.0,2.0,2.0,2.0,2.0,2.0
'ADC_U_REGULATOR_OFFSET_7',17.0,19.0,17.0,19.0,15.0,16.0,15.0,15.0,16.0,16.0,16.0,16.0,16.0,18.0,18.0,18.0,18.0,19.0,18.0,17.0
'ADC_I_MON_GAIN_7',3.0,3.0,3.0,3.0,3.0,3.0,3.0,3.0,3.0,3.0,3.0,3.0,3.0,3.0,3.0,2.0,2.0,3.0,2.0,3.0
'ADC_I_MON_OFFSET_7',19.0,19.0,22.0,19.0,18.0,18.0,24.0,20.0,19.0,20.0,20.0,20.0,18.0,19.0,20.0,17.0,17.0,25.0,18.0,21.0
'DAC_CURRENT_GAIN_7',1.0,1.0,1.0,1.0,1.0,1.0,1.0,1.0,1.0,1.0,1.0,1.0,1.0,1.0,1.0,1.0,1.0,1.0,1.0,1.0
'DAC_CURRENT_OFFSET_7',8.0,8.0,8.0,8.0,8.0,8.0,8.0,8.0,8.0,8.0,8.0,8.0,8.0,8.0,8.0,8.0,8.0,8.0,8.0,8.0
8,8,8,8,8,8,8,8,8,8,8,8,8,8,8,8,8,8,8,8,8
'DAC_VOLTAGE_GAIN_8',1.0,1.0,1.0,1.0,1.0,1.0,1.0,1.0,1.0,1.0,1.0,1.0,1.0,1.0,1.0,1.0,1.0,1.0,1.0,1.0
'DAC_VOLTAGE_OFFSET_8',34.0,34.0,36.0,37.0,34.0,34.0,34.0,34.0,34.0,33.0,33.0,33.0,33.0,34.0,34.0,34.0,34.0,33.0,33.0,33.0
'ADC_U_LOAD_GAIN_8',0.0,0.0,0.0,0.0,0.0,0.0,0.0,0.0,0.0,0.0,0.0,0.0,0.0,0.0,0.0,0.0,0.0,0.0,0.0,0.0
'ADC_U_LOAD_OFFSET_8',10.0,9.0,9.0,11.0,12.0,10.0,10.0,8.0,9.0,9.0,10.0,10.0,9.0,10.0,9.0,10.0,10.0,10.0,10.0,12.0
'ADC_U_REGULATOR_GAIN_8',0.0,0.0,0.0,0.0,0.0,0.0,0.0,0.0,0.0,0.0,0.0,0.0,0.0,0.0,0.0,0.0,0.0,0.0,0.0,0.0
'ADC_U_REGULATOR_OFFSET_8',14.0,13.0,14.0,13.0,15.0,15.0,17.0,16.0,13.0,13.0,15.0,15.0,13.0,17.0,12.0,12.0,12.0,13.0,15.0,13.0
'ADC_I_MON_GAIN_8',104.0,105.0,118.0,117.0,190.0,132.0,104.0,106.0,125.0,113.0,104.0,104.0,108.0,119.0,68.0,83.0,83.0,117.0,117.0,119.0
'ADC_I_MON_OFFSET_8',58.0,58.0,66.0,66.0,106.0,73.0,58.0,61.0,70.0,63.0,57.0,57.0,60.0,67.0,40.0,48.0,48.0,64.0,65.0,67.0
'DAC_CURRENT_GAIN_8',0.0,0.0,0.0,0.0,0.0,0.0,0.0,0.0,0.0,0.0,0.0,0.0,0.0,0.0,0.0,0.0,0.0,0.0,0.0,0.0
'DAC_CURRENT_OFFSET_8',1.0,1.0,1.0,1.0,1.0,0.0,0.0,0.0,0.0,1.0,1.0,1.0,0.0,1.0,0.0,0.0,0.0,1.0,1.0,1.0
9,9,9,9,9,9,9,9,9,9,9,9,9,9,9,9,9,9,9,9,9
'DAC_VOLTAGE_GAIN_9',1.0,1.0,1.0,1.0,1.0,1.0,1.0,1.0,1.0,1.0,1.0,1.0,1.0,1.0,1.0,1.0,1.0,1.0,1.0,1.0
'DAC_VOLTAGE_OFFSET_9',32.0,32.0,34.0,35.0,33.0,33.0,33.0,33.0,33.0,32.0,32.0,32.0,32.0,32.0,32.0,32.0,32.0,32.0,32.0,32.0
'ADC_U_LOAD_GAIN_9',0.0,0.0,0.0,0.0,0.0,0.0,0.0,0.0,0.0,0.0,0.0,0.0,0.0,0.0,0.0,0.0,0.0,0.0,0.0,0.0
'ADC_U_LOAD_OFFSET_9',10.0,10.0,10.0,10.0,8.0,10.0,8.0,9.0,12.0,12.0,11.0,11.0,9.0,9.0,9.0,13.0,13.0,10.0,9.0,12.0
'ADC_U_REGULATOR_GAIN_9',0.0,0.0,0.0,0.0,0.0,0.0,0.0,0.0,0.0,0.0,0.0,0.0,0.0,0.0,0.0,0.0,0.0,0.0,0.0,0.0
'ADC_U_REGULATOR_OFFSET_9',15.0,14.0,11.0,12.0,15.0,14.0,12.0,13.0,14.0,12.0,13.0,13.0,14.0,13.0,12.0,13.0,13.0,11.0,12.0,11.0
'ADC_I_MON_GAIN_9',86.0,86.0,110.0,91.0,93.0,133.0,69.0,78.0,75.0,81.0,76.0,76.0,86.0,88.0,70.0,76.0,76.0,84.0,79.0,96.0
'ADC_I_MON_OFFSET_9',46.0,48.0,63.0,51.0,53.0,74.0,40.0,43.0,43.0,44.0,42.0,42.0,48.0,50.0,40.0,41.0,41.0,47.0,42.0,51.0
'DAC_CURRENT_GAIN_9',0.0,0.0,0.0,0.0,0.0,0.0,0.0,0.0,0.0,0.0,0.0,0.0,0.0,0.0,0.0,0.0,0.0,0.0,0.0,0.0
'DAC_CURRENT_OFFSET_9',1.0,1.0,1.0,1.0,1.0,1.0,1.0,1.0,1.0,1.0,1.0,1.0,1.0,1.0,1.0,1.0,1.0,1.0,1.0,1.0
10,10,10,10,10,10,10,10,10,10,10,10,10,10,10,10,10,10,10,10,10
'DAC_VOLTAGE_GAIN_10',1.0,1.0,1.0,1.0,1.0,1.0,1.0,1.0,1.0,1.0,1.0,1.0,1.0,1.0,1.0,1.0,1.0,1.0,1.0,1.0
'DAC_VOLTAGE_OFFSET_10',33.0,33.0,35.0,35.0,33.0,33.0,33.0,33.0,33.0,33.0,33.0,33.0,33.0,33.0,33.0,33.0,33.0,33.0,33.0,33.0
'ADC_U_LOAD_GAIN_10',0.0,0.0,0.0,0.0,0.0,0.0,0.0,0.0,0.0,0.0,0.0,0.0,0.0,0.0,0.0,0.0,0.0,0.0,0.0,0.0
'ADC_U_LOAD_OFFSET_10',10.0,10.0,9.0,11.0,10.0,10.0,10.0,8.0,11.0,10.0,9.0,9.0,11.0,10.0,10.0,9.0,9.0,10.0,11.0,10.0
'ADC_U_REGULATOR_GAIN_10',0.0,0.0,0.0,0.0,0.0,0.0,0.0,0.0,0.0,0.0,0.0,0.0,0.0,0.0,0.0,0.0,0.0,0.0,0.0,0.0
'ADC_U_REGULATOR_OFFSET_10',14.0,14.0,13.0,14.0,14.0,14.0,14.0,16.0,15.0,14.0,13.0,13.0,12.0,12.0,15.0,15.0,15.0,17.0,13.0,16.0
'ADC_I_MON_GAIN_10',109.0,104.0,112.0,117.0,194.0,183.0,120.0,135.0,95.0,88.0,104.0,104.0,133.0,134.0,70.0,85.0,85.0,111.0,129.0,149.0
'ADC_I_MON_OFFSET_10',60.0,59.0,63.0,66.0,106.0,103.0,68.0,74.0,52.0,48.0,56.0,56.0,75.0,72.0,39.0,45.0,45.0,63.0,74.0,84.0
'DAC_CURRENT_GAIN_10',0.0,0.0,0.0,0.0,0.0,0.0,0.0,0.0,0.0,0.0,0.0,0.0,0.0,0.0,0.0,0.0,0.0,0.0,0.0,0.0
'DAC_CURRENT_OFFSET_10',1.0,1.0,1.0,1.0,1.0,1.0,1.0,1.0,1.0,1.0,1.0,1.0,1.0,1.0,1.0,1.0,1.0,1.0,1.0,1.0
11,11,11,11,11,11,11,11,11,11,11,11,11,11,11,11,11,11,11,11,11
'DAC_VOLTAGE_GAIN_11',7.0,7.0,7.0,7.0,7.0,7.0,6.0,6.0,6.0,6.0,6.0,6.0,6.0,6.0,6.0,6.0,6.0,6.0,6.0,7.0
'DAC_VOLTAGE_OFFSET_11',224.0,223.0,240.0,230.0,211.0,209.0,201.0,203.0,202.0,199.0,201.0,201.0,203.0,202.0,194.0,197.0,197.0,202.0,206.0,219.0
'ADC_U_LOAD_GAIN_11',0.0,0.0,0.0,0.0,0.0,0.0,0.0,0.0,0.0,0.0,0.0,0.0,0.0,0.0,0.0,0.0,0.0,0.0,0.0,0.0
'ADC_U_LOAD_OFFSET_11',11.0,9.0,10.0,9.0,12.0,10.0,10.0,11.0,10.0,8.0,9.0,9.0,10.0,9.0,9.0,8.0,8.0,10.0,9.0,8.0
'ADC_U_REGULATOR_GAIN_11',0.0,0.0,0.0,0.0,0.0,0.0,0.0,0.0,0.0,0.0,0.0,0.0,0.0,0.0,0.0,0.0,0.0,0.0,0.0,0.0
'ADC_U_REGULATOR_OFFSET_11',14.0,13.0,12.0,12.0,15.0,14.0,12.0,13.0,16.0,13.0,12.0,12.0,15.0,12.0,16.0,12.0,12.0,10.0,16.0,14.0
'ADC_I_MON_GAIN_11',21.0,22.0,16.0,19.0,20.0,18.0,19.0,16.0,22.0,20.0,23.0,23.0,18.0,21.0,21.0,21.0,21.0,16.0,20.0,17.0
'ADC_I_MON_OFFSET_11',12.0,12.0,9.0,11.0,11.0,10.0,11.0,9.0,13.0,12.0,13.0,13.0,10.0,12.0,12.0,12.0,12.0,9.0,11.0,10.0
'DAC_CURRENT_GAIN_11',0.0,0.0,0.0,0.0,0.0,0.0,0.0,0.0,0.0,0.0,0.0,0.0,0.0,0.0,0.0,0.0,0.0,0.0,0.0,0.0
'DAC_CURRENT_OFFSET_11',1.0,1.0,1.0,1.0,1.0,1.0,1.0,1.0,1.0,1.0,1.0,1.0,1.0,1.0,1.0,1.0,1.0,1.0,1.0,1.0
12,12,12,12,12,12,12,12,12,12,12,12,12,12,12,12,12,12,12,12,12
'DAC_VOLTAGE_GAIN_12',5.0,4.0,5.0,5.0,4.0,4.0,5.0,4.0,5.0,4.0,4.0,4.0,4.0,4.0,4.0,4.0,4.0,4.0,4.0,4.0
'DAC_VOLTAGE_OFFSET_12',40.0,40.0,43.0,44.0,40.0,40.0,40.0,40.0,40.0,39.0,39.0,39.0,39.0,39.0,39.0,39.0,39.0,39.0,39.0,39.0
'ADC_U_LOAD_GAIN_12',1.0,1.0,1.0,1.0,1.0,1.0,1.0,1.0,1.0,1.0,1.0,1.0,1.0,1.0,1.0,1.0,1.0,1.0,1.0,2.0
'ADC_U_LOAD_OFFSET_12',25.0,31.0,32.0,29.0,30.0,26.0,38.0,34.0,35.0,28.0,38.0,38.0,37.0,37.0,40.0,34.0,34.0,29.0,33.0,41.0
'ADC_U_REGULATOR_GAIN_12',1.0,1.0,1.0,1.0,1.0,1.0,1.0,1.0,1.0,1.0,1.0,1.0,1.0,1.0,1.0,1.0,1.0,1.0,1.0,1.0
'ADC_U_REGULATOR_OFFSET_12',32.0,33.0,38.0,37.0,25.0,34.0,38.0,28.0,35.0,32.0,32.0,32.0,28.0,31.0,28.0,29.0,29.0,26.0,22.0,25.0
'ADC_I_MON_GAIN_12',188.0,138.0,245.0,224.0,279.0,298.0,229.0,195.0,240.0,263.0,248.0,248.0,268.0,257.0,221.0,247.0,247.0,284.0,259.0,222.0
'ADC_I_MON_OFFSET_12',92.0,69.0,118.0,107.0,136.0,144.0,115.0,97.0,119.0,128.0,123.0,123.0,133.0,122.0,109.0,121.0,121.0,141.0,130.0,109.0
'DAC_CURRENT_GAIN_12',0.0,0.0,0.0,0.0,0.0,0.0,0.0,0.0,0.0,0.0,0.0,0.0,0.0,0.0,0.0,0.0,0.0,0.0,0.0,0.0
'DAC_CURRENT_OFFSET_12',1.0,1.0,1.0,1.0,1.0,1.0,1.0,1.0,1.0,1.0,1.0,1.0,1.0,1.0,1.0,1.0,1.0,1.0,1.0,1.0
13,13,13,13,13,13,13,13,13,13,13,13,13,13,13,13,13,13,13,13,13
'DAC_VOLTAGE_GAIN_13',20.0,20.0,22.0,22.0,20.0,20.0,20.0,20.0,20.0,19.0,19.0,19.0,19.0,19.0,19.0,19.0,19.0,19.0,19.0,18.0
'DAC_VOLTAGE_OFFSET_13',452.0,456.0,505.0,505.0,455.0,459.0,459.0,458.0,466.0,431.0,429.0,429.0,425.0,429.0,435.0,427.0,427.0,439.0,428.0,419.0
'ADC_U_LOAD_GAIN_13',0.0,0.0,0.0,0.0,0.0,0.0,0.0,0.0,0.0,0.0,0.0,0.0,0.0,0.0,0.0,0.0,0.0,0.0,0.0,0.0
'ADC_U_LOAD_OFFSET_13',51.0,50.0,53.0,52.0,52.0,50.0,54.0,54.0,54.0,55.0,52.0,52.0,54.0,55.0,53.0,56.0,56.0,54.0,56.0,59.0
'ADC_U_REGULATOR_GAIN_13',0.0,0.0,0.0,0.0,0.0,0.0,0.0,0.0,0.0,0.0,0.0,0.0,0.0,0.0,0.0,0.0,0.0,0.0,0.0,0.0
'ADC_U_REGULATOR_OFFSET_13',50.0,51.0,55.0,54.0,52.0,51.0,57.0,52.0,52.0,51.0,52.0,52.0,49.0,54.0,51.0,50.0,50.0,50.0,49.0,48.0
'ADC_I_MON_GAIN_13',0.0,0.0,0.0,0.0,0.0,0.0,0.0,0.0,0.0,0.0,0.0,0.0,0.0,0.0,0.0,0.0,0.0,0.0,0.0,0.0
'ADC_I_MON_OFFSET_13',0.0,0.0,0.0,0.0,0.0,0.0,0.0,0.0,0.0,0.0,0.0,0.0,0.0,0.0,0.0,0.0,0.0,0.0,0.0,0.0
'DAC_CURRENT_GAIN_13',0.0,0.0,0.0,0.0,1.0,1.0,1.0,1.0,1.0,1.0,1.0,1.0,1.0,1.0,1.0,1.0,1.0,1.0,1.0,1.0
'DAC_CURRENT_OFFSET_13',0.0,0.0,1.0,1.0,12.0,12.0,13.0,13.0,13.0,13.0,13.0,13.0,13.0,13.0,13.0,13.0,13.0,13.0,13.0,13.0
14,14,14,14,14,14,14,14,14,14,14,14,14,14,14,14,14,14,14,14,14
'DAC_VOLTAGE_GAIN_14',1.0,1.0,1.0,1.0,1.0,1.0,1.0,1.0,1.0,1.0,1.0,1.0,1.0,1.0,1.0,1.0,1.0,1.0,1.0,1.0
'DAC_VOLTAGE_OFFSET_14',18.0,18.0,21.0,21.0,17.0,17.0,17.0,18.0,18.0,16.0,16.0,16.0,15.0,16.0,16.0,16.0,16.0,16.0,16.0,15.0
'ADC_U_LOAD_GAIN_14',0.0,0.0,0.0,0.0,0.0,0.0,0.0,0.0,0.0,0.0,0.0,0.0,0.0,0.0,0.0,0.0,0.0,0.0,0.0,0.0
'ADC_U_LOAD_OFFSET_14',17.0,19.0,17.0,16.0,14.0,17.0,17.0,19.0,15.0,18.0,17.0,17.0,17.0,15.0,17.0,18.0,18.0,13.0,14.0,17.0
'ADC_U_REGULATOR_GAIN_14',0.0,0.0,0.0,0.0,0.0,0.0,0.0,0.0,0.0,0.0,0.0,0.0,0.0,0.0,0.0,0.0,0.0,0.0,0.0,0.0
'ADC_U_REGULATOR_OFFSET_14',17.0,16.0,17.0,17.0,15.0,18.0,16.0,15.0,16.0,16.0,17.0,17.0,17.0,15.0,18.0,18.0,18.0,17.0,17.0,20.0
'ADC_I_MON_GAIN_14',155.0,120.0,171.0,163.0,187.0,202.0,164.0,218.0,173.0,152.0,167.0,167.0,184.0,172.0,146.0,158.0,158.0,154.0,175.0,223.0
'ADC_I_MON_OFFSET_14',86.0,64.0,94.0,90.0,103.0,113.0,92.0,118.0,92.0,86.0,91.0,91.0,97.0,93.0,76.0,83.0,83.0,84.0,95.0,118.0
'DAC_CURRENT_GAIN_14',0.0,0.0,0.0,0.0,0.0,0.0,0.0,0.0,0.0,0.0,0.0,0.0,0.0,0.0,0.0,0.0,0.0,0.0,0.0,0.0
'DAC_CURRENT_OFFSET_14',1.0,1.0,1.0,1.0,1.0,1.0,1.0,1.0,1.0,1.0,1.0,1.0,1.0,1.0,1.0,1.0,1.0,1.0,1.0,1.0
15,15,15,15,15,15,15,15,15,15,15,15,15,15,15,15,15,15,15,15,15
'DAC_VOLTAGE_GAIN_15',1.0,1.0,1.0,1.0,1.0,1.0,1.0,1.0,1.0,1.0,1.0,1.0,1.0,1.0,1.0,1.0,1.0,1.0,1.0,1.0
'DAC_VOLTAGE_OFFSET_15',30.0,31.0,31.0,32.0,30.0,30.0,30.0,31.0,31.0,30.0,30.0,30.0,30.0,30.0,30.0,30.0,30.0,30.0,30.0,29.0
'ADC_U_LOAD_GAIN_15',0.0,0.0,0.0,0.0,0.0,0.0,0.0,0.0,0.0,0.0,0.0,0.0,0.0,0.0,0.0,0.0,0.0,0.0,0.0,0.0
'ADC_U_LOAD_OFFSET_15',20.0,22.0,19.0,20.0,24.0,21.0,20.0,20.0,21.0,20.0,22.0,22.0,24.0,19.0,22.0,20.0,20.0,22.0,21.0,23.0
'ADC_U_REGULATOR_GAIN_15',0.0,0.0,0.0,0.0,0.0,0.0,0.0,0.0,0.0,0.0,0.0,0.0,0.0,0.0,0.0,0.0,0.0,0.0,0.0,0.0
'ADC_U_REGULATOR_OFFSET_15',16.0,17.0,14.0,18.0,17.0,15.0,20.0,18.0,15.0,18.0,18.0,18.0,15.0,20.0,15.0,15.0,15.0,17.0,18.0,14.0
'ADC_I_MON_GAIN_15',182.0,157.0,245.0,219.0,231.0,269.0,235.0,222.0,216.0,204.0,220.0,220.0,219.0,229.0,187.0,240.0,240.0,220.0,231.0,219.0
'ADC_I_MON_OFFSET_15',97.0,89.0,134.0,117.0,128.0,139.0,129.0,123.0,118.0,117.0,119.0,119.0,119.0,126.0,103.0,131.0,131.0,120.0,125.0,121.0
'DAC_CURRENT_GAIN_15',0.0,0.0,0.0,0.0,0.0,0.0,0.0,0.0,0.0,0.0,0.0,0.0,0.0,0.0,0.0,0.0,0.0,0.0,0.0,0.0
'DAC_CURRENT_OFFSET_15',3.0,3.0,2.0,3.0,3.0,3.0,3.0,3.0,3.0,3.0,3.0,3.0,3.0,3.0,3.0,3.0,3.0,3.0,3.0,3.0
16,16,16,16,16,16,16,16,16,16,16,16,16,16,16,16,16,16,16,16,16
'DAC_VOLTAGE_GAIN_16',1.0,1.0,1.0,1.0,1.0,1.0,1.0,1.0,1.0,1.0,1.0,1.0,1.0,1.0,1.0,1.0,1.0,1.0,1.0,1.0
'DAC_VOLTAGE_OFFSET_16',28.0,28.0,30.0,31.0,28.0,28.0,28.0,28.0,28.0,27.0,27.0,27.0,27.0,27.0,27.0,27.0,27.0,27.0,27.0,27.0
'ADC_U_LOAD_GAIN_16',0.0,0.0,0.0,0.0,0.0,0.0,0.0,0.0,0.0,0.0,0.0,0.0,0.0,0.0,0.0,0.0,0.0,0.0,0.0,0.0
'ADC_U_LOAD_OFFSET_16',8.0,10.0,9.0,10.0,9.0,13.0,11.0,10.0,9.0,10.0,9.0,9.0,10.0,10.0,9.0,10.0,10.0,10.0,8.0,9.0
'ADC_U_REGULATOR_GAIN_16',0.0,0.0,0.0,0.0,0.0,0.0,0.0,0.0,0.0,0.0,0.0,0.0,0.0,0.0,0.0,0.0,0.0,0.0,0.0,0.0
'ADC_U_REGULATOR_OFFSET_16',12.0,11.0,10.0,11.0,11.0,9.0,13.0,12.0,9.0,10.0,12.0,12.0,11.0,11.0,11.0,10.0,10.0,12.0,10.0,12.0
'ADC_I_MON_GAIN_16',121.0,147.0,186.0,154.0,250.0,208.0,185.0,176.0,212.0,163.0,202.0,202.0,177.0,177.0,150.0,144.0,144.0,156.0,175.0,231.0
'ADC_I_MON_OFFSET_16',69.0,79.0,98.0,86.0,136.0,113.0,105.0,97.0,117.0,90.0,111.0,111.0,97.0,99.0,82.0,77.0,77.0,86.0,97.0,120.0
'DAC_CURRENT_GAIN_16',0.0,0.0,0.0,0.0,0.0,0.0,0.0,0.0,0.0,0.0,0.0,0.0,0.0,0.0,0.0,0.0,0.0,0.0,0.0,0.0
'DAC_CURRENT_OFFSET_16',0.0,0.0,0.0,0.0,0.0,0.0,0.0,0.0,0.0,0.0,0.0,0.0,0.0,0.0,0.0,0.0,0.0,0.0,0.0,0.0
17,17,17,17,17,17,17,17,17,17,17,17,17,17,17,17,17,17,17,17,17
'DAC_VOLTAGE_GAIN_17',1.0,1.0,1.0,1.0,1.0,1.0,1.0,1.0,1.0,1.0,1.0,1.0,1.0,1.0,1.0,1.0,1.0,1.0,1.0,1.0
'DAC_VOLTAGE_OFFSET_17',28.0,28.0,30.0,31.0,28.0,28.0,28.0,28.0,28.0,27.0,27.0,27.0,27.0,27.0,27.0,27.0,27.0,27.0,27.0,27.0
'ADC_U_LOAD_GAIN_17',0.0,0.0,0.0,0.0,0.0,0.0,0.0,0.0,0.0,0.0,0.0,0.0,0.0,0.0,0.0,0.0,0.0,0.0,0.0,0.0
'ADC_U_LOAD_OFFSET_17',9.0,9.0,9.0,9.0,11.0,12.0,8.0,11.0,11.0,11.0,12.0,12.0,11.0,10.0,11.0,11.0,11.0,9.0,11.0,11.0
'ADC_U_REGULATOR_GAIN_17',0.0,0.0,0.0,0.0,0.0,0.0,0.0,0.0,0.0,0.0,0.0,0.0,0.0,0.0,0.0,0.0,0.0,0.0,0.0,0.0
'ADC_U_REGULATOR_OFFSET_17',10.0,11.0,12.0,11.0,11.0,12.0,11.0,11.0,13.0,11.0,10.0,10.0,11.0,11.0,10.0,11.0,11.0,11.0,10.0,11.0
'ADC_I_MON_GAIN_17',112.0,172.0,175.0,172.0,196.0,184.0,128.0,191.0,162.0,199.0,157.0,157.0,169.0,186.0,153.0,133.0,133.0,179.0,190.0,232.0
'ADC_I_MON_OFFSET_17',61.0,95.0,95.0,93.0,104.0,100.0,72.0,106.0,87.0,110.0,88.0,88.0,97.0,103.0,83.0,72.0,72.0,100.0,105.0,126.0
'DAC_CURRENT_GAIN_17',0.0,0.0,0.0,0.0,0.0,0.0,0.0,0.0,0.0,0.0,0.0,0.0,0.0,0.0,0.0,0.0,0.0,0.0,0.0,0.0
'DAC_CURRENT_OFFSET_17',1.0,1.0,1.0,1.0,1.0,1.0,1.0,1.0,1.0,1.0,1.0,1.0,1.0,1.0,1.0,1.0,1.0,1.0,1.0,1.0
18,18,18,18,18,18,18,18,18,18,18,18,18,18,18,18,18,18,18,18,18
'DAC_VOLTAGE_GAIN_18',1.0,1.0,1.0,1.0,1.0,1.0,1.0,1.0,1.0,1.0,1.0,1.0,1.0,1.0,1.0,1.0,1.0,1.0,1.0,1.0
'DAC_VOLTAGE_OFFSET_18',28.0,28.0,30.0,31.0,27.0,28.0,28.0,28.0,28.0,27.0,27.0,27.0,27.0,27.0,27.0,27.0,27.0,27.0,27.0,27.0
'ADC_U_LOAD_GAIN_18',0.0,0.0,0.0,0.0,0.0,0.0,0.0,0.0,0.0,0.0,0.0,0.0,0.0,0.0,0.0,0.0,0.0,0.0,0.0,0.0
'ADC_U_LOAD_OFFSET_18',7.0,10.0,8.0,8.0,9.0,9.0,10.0,10.0,8.0,9.0,9.0,9.0,12.0,10.0,10.0,11.0,11.0,9.0,8.0,9.0
'ADC_U_REGULATOR_GAIN_18',0.0,0.0,0.0,0.0,0.0,0.0,0.0,0.0,0.0,0.0,0.0,0.0,0.0,0.0,0.0,0.0,0.0,0.0,0.0,0.0
'ADC_U_REGULATOR_OFFSET_18',11.0,11.0,12.0,12.0,11.0,11.0,12.0,11.0,12.0,10.0,11.0,11.0,12.0,10.0,13.0,12.0,12.0,11.0,11.0,13.0
'ADC_I_MON_GAIN_18',136.0,166.0,212.0,150.0,204.0,241.0,174.0,186.0,146.0,162.0,151.0,151.0,179.0,188.0,148.0,173.0,173.0,214.0,192.0,182.0
'ADC_I_MON_OFFSET_18',74.0,90.0,115.0,82.0,112.0,131.0,97.0,104.0,83.0,87.0,83.0,83.0,97.0,105.0,80.0,93.0,93.0,115.0,106.0,101.0
'DAC_CURRENT_GAIN_18',0.0,0.0,0.0,0.0,0.0,0.0,0.0,0.0,0.0,0.0,0.0,0.0,0.0,0.0,0.0,0.0,0.0,0.0,0.0,0.0
'DAC_CURRENT_OFFSET_18',0.0,0.0,0.0,0.0,0.0,0.0,0.0,0.0,0.0,0.0,0.0,0.0,0.0,0.0,0.0,0.0,0.0,0.0,0.0,0.0
19,19,19,19,19,19,19,19,19,19,19,19,19,19,19,19,19,19,19,19,19
'DAC_VOLTAGE_GAIN_19',1.0,1.0,1.0,1.0,1.0,1.0,1.0,1.0,1.0,1.0,1.0,1.0,1.0,1.0,1.0,1.0,1.0,1.0,1.0,1.0
'DAC_VOLTAGE_OFFSET_19',28.0,27.0,30.0,31.0,27.0,28.0,28.0,27.0,28.0,27.0,27.0,27.0,27.0,27.0,27.0,27.0,27.0,27.0,27.0,27.0
'ADC_U_LOAD_GAIN_19',0.0,0.0,0.0,0.0,0.0,0.0,0.0,0.0,0.0,0.0,0.0,0.0,0.0,0.0,0.0,0.0,0.0,0.0,0.0,0.0
'ADC_U_LOAD_OFFSET_19',10.0,8.0,9.0,8.0,10.0,9.0,9.0,9.0,9.0,8.0,7.0,7.0,7.0,8.0,8.0,8.0,8.0,9.0,9.0,9.0
'ADC_U_REGULATOR_GAIN_19',0.0,0.0,0.0,0.0,0.0,0.0,0.0,0.0,0.0,0.0,0.0,0.0,0.0,0.0,0.0,0.0,0.0,0.0,0.0,0.0
'ADC_U_REGULATOR_OFFSET_19',11.0,12.0,11.0,10.0,11.0,12.0,11.0,10.0,9.0,13.0,11.0,11.0,12.0,12.0,11.0,11.0,11.0,12.0,12.0,12.0
'ADC_I_MON_GAIN_19',140.0,118.0,166.0,129.0,155.0,176.0,168.0,212.0,170.0,151.0,180.0,180.0,207.0,191.0,169.0,186.0,186.0,189.0,192.0,180.0
'ADC_I_MON_OFFSET_19',76.0,65.0,87.0,72.0,86.0,94.0,92.0,116.0,91.0,82.0,99.0,99.0,113.0,105.0,93.0,101.0,101.0,102.0,104.0,101.0
'DAC_CURRENT_GAIN_19',0.0,0.0,0.0,0.0,0.0,0.0,0.0,0.0,0.0,0.0,0.0,0.0,0.0,0.0,0.0,0.0,0.0,0.0,0.0,0.0
'DAC_CURRENT_OFFSET_19',0.0,0.0,0.0,0.0,0.0,0.0,0.0,0.0,0.0,0.0,0.0,0.0,0.0,0.0,0.0,0.0,0.0,0.0,0.0,0.0
20,20,20,20,20,20,20,20,20,20,20,20,20,20,20,20,20,20,20,20,20
'DAC_VOLTAGE_GAIN_20',2.0,2.0,3.0,3.0,2.0,2.0,2.0,2.0,2.0,2.0,2.0,2.0,2.0,2.0,2.0,2.0,2.0,2.0,2.0,2.0
'DAC_VOLTAGE_OFFSET_20',43.0,41.0,64.0,73.0,41.0,42.0,44.0,42.0,44.0,36.0,36.0,36.0,35.0,36.0,37.0,37.0,37.0,36.0,35.0,35.0
'ADC_U_LOAD_GAIN_20',0.0,0.0,0.0,0.0,0.0,0.0,0.0,0.0,0.0,0.0,0.0,0.0,0.0,0.0,0.0,0.0,0.0,0.0,0.0,0.0
'ADC_U_LOAD_OFFSET_20',15.0,17.0,18.0,18.0,19.0,16.0,16.0,17.0,18.0,14.0,16.0,16.0,15.0,15.0,14.0,18.0,18.0,14.0,14.0,15.0
'ADC_U_REGULATOR_GAIN_20',0.0,0.0,0.0,0.0,0.0,0.0,0.0,0.0,0.0,0.0,0.0,0.0,0.0,0.0,0.0,0.0,0.0,0.0,0.0,0.0
'ADC_U_REGULATOR_OFFSET_20',21.0,19.0,21.0,18.0,16.0,22.0,16.0,14.0,18.0,13.0,18.0,18.0,17.0,19.0,19.0,14.0,14.0,19.0,14.0,18.0
'ADC_I_MON_GAIN_20',191.0,155.0,235.0,200.0,230.0,242.0,243.0,215.0,246.0,192.0,211.0,211.0,191.0,213.0,212.0,218.0,218.0,249.0,277.0,262.0
'ADC_I_MON_OFFSET_20',108.0,87.0,131.0,108.0,125.0,137.0,131.0,118.0,132.0,104.0,116.0,116.0,107.0,116.0,118.0,119.0,119.0,136.0,151.0,143.0
'DAC_CURRENT_GAIN_20',0.0,0.0,0.0,0.0,0.0,0.0,0.0,0.0,0.0,0.0,0.0,0.0,0.0,0.0,0.0,0.0,0.0,0.0,0.0,0.0
'DAC_CURRENT_OFFSET_20',4.0,4.0,4.0,4.0,3.0,3.0,3.0,3.0,3.0,3.0,3.0,3.0,3.0,3.0,3.0,3.0,3.0,3.0,3.0,3.0
21,21,21,21,21,21,21,21,21,21,21,21,21,21,21,21,21,21,21,21,21
'DAC_VOLTAGE_GAIN_21',2.0,2.0,2.0,2.0,2.0,2.0,2.0,2.0,2.0,2.0,2.0,2.0,2.0,2.0,2.0,2.0,2.0,2.0,2.0,2.0
'DAC_VOLTAGE_OFFSET_21',33.0,33.0,35.0,36.0,33.0,33.0,33.0,33.0,33.0,33.0,32.0,32.0,32.0,32.0,33.0,32.0,32.0,33.0,32.0,32.0
'ADC_U_LOAD_GAIN_21',0.0,0.0,0.0,0.0,0.0,0.0,0.0,0.0,0.0,0.0,0.0,0.0,0.0,0.0,0.0,0.0,0.0,0.0,0.0,0.0
'ADC_U_LOAD_OFFSET_21',19.0,14.0,18.0,16.0,16.0,15.0,18.0,20.0,20.0,17.0,18.0,18.0,17.0,20.0,15.0,18.0,18.0,16.0,16.0,16.0
'ADC_U_REGULATOR_GAIN_21',0.0,0.0,0.0,0.0,0.0,0.0,0.0,0.0,0.0,0.0,0.0,0.0,0.0,0.0,0.0,0.0,0.0,0.0,0.0,0.0
'ADC_U_REGULATOR_OFFSET_21',16.0,20.0,16.0,20.0,23.0,16.0,19.0,19.0,19.0,20.0,17.0,17.0,17.0,19.0,19.0,19.0,19.0,17.0,18.0,15.0
'ADC_I_MON_GAIN_21',156.0,167.0,187.0,173.0,233.0,254.0,219.0,253.0,229.0,211.0,242.0,242.0,225.0,167.0,237.0,197.0,197.0,202.0,278.0,188.0
'ADC_I_MON_OFFSET_21',88.0,90.0,101.0,94.0,133.0,137.0,118.0,135.0,127.0,115.0,131.0,131.0,121.0,92.0,130.0,105.0,105.0,111.0,148.0,104.0
'DAC_CURRENT_GAIN_21',0.0,0.0,0.0,0.0,0.0,0.0,0.0,0.0,0.0,0.0,0.0,0.0,0.0,0.0,0.0,0.0,0.0,0.0,0.0,0.0
'DAC_CURRENT_OFFSET_21',1.0,1.0,1.0,1.0,1.0,1.0,1.0,1.0,1.0,1.0,1.0,1.0,1.0,1.0,1.0,1.0,1.0,1.0,1.0,1.0
22,22,22,22,22,22,22,22,22,22,22,22,22,22,22,22,22,22,22,22,22
'DAC_VOLTAGE_GAIN_22',2.0,2.0,2.0,2.0,2.0,2.0,2.0,2.0,2.0,2.0,2.0,2.0,2.0,2.0,2.0,2.0,2.0,2.0,2.0,2.0
'DAC_VOLTAGE_OFFSET_22',34.0,34.0,37.0,38.0,34.0,34.0,34.0,34.0,35.0,33.0,33.0,33.0,33.0,34.0,34.0,33.0,33.0,33.0,33.0,33.0
'ADC_U_LOAD_GAIN_22',0.0,0.0,0.0,0.0,0.0,0.0,0.0,0.0,0.0,0.0,0.0,0.0,0.0,0.0,0.0,0.0,0.0,0.0,0.0,0.0
'ADC_U_LOAD_OFFSET_22',16.0,16.0,18.0,17.0,19.0,17.0,18.0,20.0,16.0,19.0,15.0,15.0,15.0,17.0,18.0,17.0,17.0,17.0,18.0,18.0
'ADC_U_REGULATOR_GAIN_22',0.0,0.0,0.0,0.0,0.0,0.0,0.0,0.0,0.0,0.0,0.0,0.0,0.0,0.0,0.0,0.0,0.0,0.0,0.0,0.0
'ADC_U_REGULATOR_OFFSET_22',17.0,22.0,16.0,18.0,18.0,20.0,22.0,22.0,19.0,18.0,16.0,16.0,19.0,17.0,18.0,20.0,20.0,18.0,20.0,18.0
'ADC_I_MON_GAIN_22',177.0,185.0,182.0,182.0,189.0,268.0,255.0,207.0,201.0,162.0,226.0,226.0,199.0,229.0,243.0,162.0,162.0,252.0,295.0,244.0
'ADC_I_MON_OFFSET_22',98.0,106.0,102.0,101.0,104.0,147.0,135.0,113.0,110.0,90.0,127.0,127.0,109.0,119.0,129.0,89.0,89.0,136.0,164.0,134.0
'DAC_CURRENT_GAIN_22',0.0,0.0,0.0,0.0,0.0,0.0,0.0,0.0,0.0,0.0,0.0,0.0,0.0,0.0,0.0,0.0,0.0,0.0,0.0,0.0
'DAC_CURRENT_OFFSET_22',0.0,0.0,0.0,0.0,1.0,1.0,1.0,1.0,1.0,1.0,1.0,1.0,1.0,1.0,1.0,1.0,1.0,1.0,1.0,1.0
23,23,23,23,23,23,23,23,23,23,23,23,23,23,23,23,23,23,23,23,23
'DAC_VOLTAGE_GAIN_23',2.0,2.0,3.0,3.0,2.0,2.0,2.0,2.0,2.0,2.0,2.0,2.0,2.0,2.0,2.0,2.0,2.0,2.0,2.0,2.0
'DAC_VOLTAGE_OFFSET_23',42.0,40.0,62.0,72.0,40.0,42.0,44.0,42.0,43.0,35.0,35.0,35.0,35.0,35.0,37.0,36.0,36.0,35.0,36.0,35.0
'ADC_U_LOAD_GAIN_23',0.0,0.0,0.0,0.0,0.0,0.0,0.0,0.0,0.0,0.0,0.0,0.0,0.0,0.0,0.0,0.0,0.0,0.0,0.0,0.0
'ADC_U_LOAD_OFFSET_23',17.0,14.0,18.0,18.0,20.0,18.0,14.0,16.0,14.0,14.0,12.0,12.0,17.0,13.0,13.0,17.0,17.0,16.0,15.0,15.0
'ADC_U_REGULATOR_GAIN_23',0.0,0.0,0.0,0.0,0.0,0.0,0.0,0.0,0.0,0.0,0.0,0.0,0.0,0.0,0.0,0.0,0.0,0.0,0.0,0.0
'ADC_U_REGULATOR_OFFSET_23',17.0,18.0,18.0,19.0,17.0,18.0,17.0,20.0,16.0,15.0,17.0,17.0,15.0,15.0,17.0,15.0,15.0,18.0,17.0,19.0
'ADC_I_MON_GAIN_23',179.0,156.0,256.0,169.0,241.0,264.0,211.0,212.0,189.0,189.0,203.0,203.0,207.0,205.0,176.0,236.0,236.0,234.0,255.0,198.0
'ADC_I_MON_OFFSET_23',100.0,86.0,136.0,94.0,135.0,141.0,118.0,116.0,105.0,103.0,113.0,113.0,113.0,110.0,94.0,126.0,126.0,125.0,137.0,109.0
'DAC_CURRENT_GAIN_23',0.0,0.0,0.0,0.0,0.0,0.0,0.0,0.0,0.0,0.0,0.0,0.0,0.0,0.0,0.0,0.0,0.0,0.0,0.0,0.0
'DAC_CURRENT_OFFSET_23',4.0,4.0,4.0,4.0,4.0,4.0,4.0,4.0,4.0,4.0,4.0,4.0,4.0,4.0,4.0,4.0,4.0,4.0,4.0,4.0
